,Open,High,Low,Close,Volume,Ticker
2018-04-19,6.33,6.5,6.28,6.34,19870995.0,SIRI
2018-04-20,6.35,6.37,6.28,6.31,14045350.0,SIRI
2018-04-23,6.31,6.36,6.28,6.33,16571956.0,SIRI
2018-04-24,6.32,6.4,6.26,6.27,24994053.0,SIRI
2018-04-25,6.3,6.33,6.2,6.25,21015189.0,SIRI
2018-04-26,6.28,6.38,6.24,6.31,14576766.0,SIRI
2018-04-27,6.31,6.4,6.27,6.3,14619870.0,SIRI
2018-04-30,6.34,6.38,6.28,6.33,10949694.0,SIRI
2018-05-01,6.34,6.34,6.21,6.32,11357754.0,SIRI
2018-05-02,6.32,6.4,6.3,6.32,15298277.0,SIRI
2018-05-03,6.31,6.54,6.31,6.5,25114938.0,SIRI
2018-05-04,6.45,6.72,6.44,6.67,30706782.0,SIRI
2018-05-07,6.66,6.75,6.64,6.71,18367997.0,SIRI
2018-05-08,6.68,6.7,6.56,6.63,16634020.0,SIRI
2018-05-09,6.65,6.78,6.58,6.77,19566891.0,SIRI
2018-05-10,6.77,6.92,6.76,6.82,18596253.0,SIRI
2018-05-11,6.83,6.875,6.77,6.79,11460295.0,SIRI
2018-05-14,6.78,6.9,6.78,6.85,9625052.0,SIRI
2018-05-15,6.81,6.9,6.78,6.87,13639898.0,SIRI
2018-05-16,6.9,7.01,6.83,6.93,21336111.0,SIRI
2018-05-17,6.93,7.01,6.87,6.89,14193008.0,SIRI
2018-05-18,6.93,6.99,6.9,6.97,15499009.0,SIRI
2018-05-21,6.99,7.03,6.91,7.0,12266781.0,SIRI
2018-05-22,7.03,7.08,6.93,6.94,14598770.0,SIRI
2018-05-23,6.91,6.96,6.9,6.93,12475300.0,SIRI
2018-05-24,6.95,6.98,6.85,6.92,12361756.0,SIRI
2018-05-25,6.92,6.97,6.91,6.95,8118679.0,SIRI
2018-05-29,6.93,7.0,6.92,6.98,11313947.0,SIRI
2018-05-30,7.01,7.15,6.96,7.12,25891531.0,SIRI
2018-05-31,7.15,7.23,7.08,7.1,35177008.0,SIRI
2018-06-01,7.13,7.14,7.05,7.07,15534547.0,SIRI
2018-06-04,7.08,7.13,7.03,7.1,13960268.0,SIRI
2018-06-05,7.11,7.13,7.03,7.06,12672443.0,SIRI
2018-06-06,7.05,7.2,7.03,7.15,13325602.0,SIRI
2018-06-07,7.17,7.23,7.13,7.18,10483562.0,SIRI
2018-06-08,7.19,7.24,7.11,7.24,9319910.0,SIRI
2018-06-11,7.23,7.33,7.21,7.22,12289281.0,SIRI
2018-06-12,7.25,7.35,7.22,7.27,12988963.0,SIRI
2018-06-13,7.3,7.37,7.27,7.31,12427968.0,SIRI
2018-06-14,7.35,7.42,7.32,7.38,14974712.0,SIRI
2018-06-15,7.45,7.59,7.38,7.58,29558408.0,SIRI
2018-06-18,7.6,7.7,7.54,7.64,16531395.0,SIRI
2018-06-19,7.54,7.57,7.41,7.47,23855738.0,SIRI
2018-06-20,7.47,7.52,7.41,7.51,13010033.0,SIRI
2018-06-21,7.28,7.3,7.04,7.16,30537171.0,SIRI
2018-06-22,7.2,7.24,7.13,7.14,31099134.0,SIRI
2018-06-25,7.15,7.19,7.01,7.06,19864182.0,SIRI
2018-06-26,6.88,6.98,6.62,6.92,29656481.0,SIRI
2018-06-27,6.89,6.9,6.61,6.65,41541130.0,SIRI
2018-06-28,6.69,6.83,6.62,6.82,38417390.0,SIRI
2018-06-29,6.92,6.92,6.77,6.77,17986670.0,SIRI
2018-07-02,6.75,6.84,6.72,6.82,11173743.0,SIRI
2018-07-03,6.89,6.94,6.75,6.75,9431598.0,SIRI
2018-07-05,6.79,6.955,6.74,6.9,13987493.0,SIRI
2018-07-06,6.88,7.0,6.87,7.0,9530886.0,SIRI
2018-07-09,7.05,7.06,6.96,7.04,12539369.0,SIRI
2018-07-10,7.06,7.08,6.94,7.02,11972615.0,SIRI
2018-07-11,7.03,7.09,6.98,7.05,12566754.0,SIRI
2018-07-12,7.05,7.11,7.02,7.11,11034268.0,SIRI
2018-07-13,7.12,7.15,7.05,7.1,8986164.0,SIRI
2018-07-16,7.1,7.13,7.01,7.04,10468606.0,SIRI
2018-07-17,7.0,7.1,6.99,7.07,10965912.0,SIRI
2018-07-18,7.08,7.25,7.06,7.13,14751981.0,SIRI
2018-07-19,7.11,7.18,7.085,7.14,12653446.0,SIRI
2018-07-20,7.15,7.15,7.07,7.11,11551972.0,SIRI
2018-07-23,7.07,7.14,7.07,7.12,8480157.0,SIRI
2018-07-24,7.15,7.17,6.97,6.98,17354614.0,SIRI
2018-07-25,7.1,7.2,7.06,7.14,16151863.0,SIRI
2018-07-26,7.18,7.29,7.13,7.2,13915703.0,SIRI
2018-07-27,7.23,7.26,7.04,7.08,15998181.0,SIRI
2018-07-30,7.07,7.11,6.94,6.99,14549388.0,SIRI
2018-07-31,7.0,7.09,7.0,7.02,13971869.0,SIRI
2018-08-01,6.99,7.04,6.84,6.86,17919785.0,SIRI
2018-08-02,6.82,6.97,6.81,6.96,14104975.0,SIRI
2018-08-03,6.94,7.01,6.85,6.87,14631900.0,SIRI
2018-08-06,6.84,6.94,6.84,6.89,19249422.0,SIRI
2018-08-07,6.88,6.97,6.85,6.86,12635957.0,SIRI
2018-08-08,6.86,6.96,6.86,6.95,12849904.0,SIRI
2018-08-09,6.95,7.05,6.93,7.0,12965015.0,SIRI
2018-08-10,6.96,7.03,6.9,6.96,9787126.0,SIRI
2018-08-13,6.96,7.0,6.94,6.95,9982578.0,SIRI
2018-08-14,6.95,7.01,6.95,6.96,11320025.0,SIRI
2018-08-15,6.94,6.96,6.84,6.9,12261054.0,SIRI
2018-08-16,6.93,7.01,6.93,6.94,9581154.0,SIRI
2018-08-17,6.94,7.02,6.91,6.97,11454394.0,SIRI
2018-08-20,6.99,7.01,6.94,6.95,9802164.0,SIRI
2018-08-21,6.98,6.99,6.94,6.94,15788221.0,SIRI
2018-08-22,6.95,7.0,6.94,7.0,9950511.0,SIRI
2018-08-23,6.98,7.0,6.9,6.9,9233259.0,SIRI
2018-08-24,6.91,7.0,6.9,6.96,11369981.0,SIRI
2018-08-27,6.96,7.07,6.95,7.02,13245396.0,SIRI
2018-08-28,7.01,7.05,6.97,7.0,10491221.0,SIRI
2018-08-29,6.99,7.11,6.99,7.1,10451632.0,SIRI
2018-08-30,7.09,7.11,7.04,7.06,10581040.0,SIRI
2018-08-31,7.04,7.11,7.03,7.1,12439637.0,SIRI
2018-09-04,7.07,7.19,7.03,7.15,13337872.0,SIRI
2018-09-05,7.15,7.16,7.0,7.0,20671140.0,SIRI
2018-09-06,6.99,7.07,6.96,7.02,13680369.0,SIRI
2018-09-07,6.99,7.08,6.96,6.98,16039491.0,SIRI
2018-09-10,7.0,7.15,6.99,7.14,11527221.0,SIRI
2018-09-11,7.11,7.24,7.1,7.18,15855771.0,SIRI
2018-09-12,7.18,7.19,7.11,7.12,15223045.0,SIRI
2018-09-13,7.15,7.25,7.13,7.19,11876528.0,SIRI
2018-09-14,7.21,7.23,7.13,7.13,14073648.0,SIRI
2018-09-17,7.14,7.15,7.03,7.06,15405680.0,SIRI
2018-09-18,7.09,7.14,7.04,7.04,23557867.0,SIRI
2018-09-19,7.05,7.09,6.95,7.0,19023808.0,SIRI
2018-09-20,7.02,7.05,6.98,7.01,16381337.0,SIRI
2018-09-21,7.02,7.04,6.95,6.98,30028443.0,SIRI
2018-09-24,6.69,6.82,6.23,6.26,111485394.0,SIRI
2018-09-25,6.36,6.36,6.16,6.27,42900778.0,SIRI
2018-09-26,6.28,6.49,6.26,6.38,49160195.0,SIRI
2018-09-27,6.38,6.41,6.32,6.36,28773213.0,SIRI
2018-09-28,6.37,6.4,6.31,6.32,33966696.0,SIRI
2018-10-01,6.34,6.36,6.23,6.3,25026974.0,SIRI
2018-10-02,6.27,6.31,6.16,6.23,26564173.0,SIRI
2018-10-03,6.25,6.34,6.2,6.26,32062731.0,SIRI
2018-10-04,6.25,6.29,6.15,6.21,33177809.0,SIRI
2018-10-05,6.24,6.33,6.07,6.13,29627167.0,SIRI
2018-10-08,6.13,6.21,6.1,6.2,17301652.0,SIRI
2018-10-09,6.22,6.28,6.16,6.18,27215757.0,SIRI
2018-10-10,6.14,6.19,5.95,5.95,26624364.0,SIRI
2018-10-11,5.97,6.13,5.95,5.97,30865374.0,SIRI
2018-10-12,6.11,6.19,6.05,6.19,36176804.0,SIRI
2018-10-15,6.15,6.23,6.09,6.14,18843707.0,SIRI
2018-10-16,6.19,6.36,6.15,6.31,16669518.0,SIRI
2018-10-17,6.3,6.34,6.23,6.25,17779970.0,SIRI
2018-10-18,6.37,6.38,6.13,6.16,26116835.0,SIRI
2018-10-19,6.23,6.26,6.01,6.01,27216854.0,SIRI
2018-10-22,6.03,6.12,5.96,6.03,26140318.0,SIRI
2018-10-23,6.0,6.04,5.88,5.95,30405123.0,SIRI
2018-10-24,6.05,6.15,5.65,5.65,44025733.0,SIRI
2018-10-25,5.74,5.88,5.67,5.79,30234541.0,SIRI
2018-10-26,5.62,5.79,5.62,5.67,36780554.0,SIRI
2018-10-29,5.75,5.84,5.55,5.62,27451289.0,SIRI
2018-10-30,5.64,5.87,5.59,5.86,47527963.0,SIRI
2018-10-31,5.89,6.08,5.87,6.02,35600685.0,SIRI
2018-11-01,5.99,6.12,5.93,6.11,21899327.0,SIRI
2018-11-02,6.14,6.17,6.01,6.11,27024924.0,SIRI
2018-11-05,6.14,6.17,6.06,6.11,23867702.0,SIRI
2018-11-06,6.12,6.37,6.1,6.34,30018273.0,SIRI
2018-11-07,6.37,6.38,6.22,6.3,28099957.0,SIRI
2018-11-08,6.25,6.34,6.17,6.21,21964192.0,SIRI
2018-11-09,6.17,6.24,6.14,6.21,19573276.0,SIRI
2018-11-12,6.19,6.22,6.1,6.12,28439441.0,SIRI
2018-11-13,6.18,6.3,6.11,6.15,38079870.0,SIRI
2018-11-14,6.15,6.3,6.15,6.25,27668377.0,SIRI
2018-11-15,6.22,6.34,6.19,6.32,31067816.0,SIRI
2018-11-16,6.31,6.34,6.19,6.27,32364083.0,SIRI
2018-11-19,6.25,6.26,6.03,6.05,30284939.0,SIRI
2018-11-20,6.0,6.03,5.83,5.87,33505246.0,SIRI
2018-11-21,5.9,6.07,5.88,6.04,23087780.0,SIRI
2018-11-23,5.99,6.13,5.9701,6.06,10598421.0,SIRI
2018-11-26,6.12,6.21,6.04,6.14,26521379.0,SIRI
2018-11-27,6.12,6.18,6.01,6.1,31510401.0,SIRI
2018-11-28,6.07,6.2,6.07,6.19,23495177.0,SIRI
2018-11-29,6.15,6.34,6.11,6.32,34856622.0,SIRI
2018-11-30,6.34,6.36,6.2,6.23,32284379.0,SIRI
2018-12-03,6.3,6.32,6.15,6.32,27354113.0,SIRI
2018-12-04,6.31,6.38,6.17,6.19,31756034.0,SIRI
2018-12-06,6.13,6.37,6.07,6.35,39705464.0,SIRI
2018-12-07,6.28,6.39,6.21,6.22,30788769.0,SIRI
2018-12-10,6.24,6.29,6.15,6.2,27675700.0,SIRI
2018-12-11,6.28,6.36,6.24,6.26,27312163.0,SIRI
2018-12-12,6.34,6.43,6.29,6.32,27750492.0,SIRI
2018-12-13,6.31,6.38,6.13,6.24,30899028.0,SIRI
2018-12-14,6.16,6.34,6.15,6.17,29325378.0,SIRI
2018-12-17,6.16,6.24,6.09,6.12,24676950.0,SIRI
2018-12-18,6.15,6.2,6.08,6.15,31578901.0,SIRI
2018-12-19,6.16,6.2,5.97,6.02,30785833.0,SIRI
2018-12-20,6.02,6.07,5.84,5.89,28619791.0,SIRI
2018-12-21,5.91,5.98,5.54,5.59,35119519.0,SIRI
2018-12-24,5.52,5.62,5.48,5.51,16571516.0,SIRI
2018-12-26,5.52,5.74,5.48,5.73,21302451.0,SIRI
2018-12-27,5.74,5.76,5.52,5.73,19617312.0,SIRI
2018-12-28,5.76,5.77,5.6313,5.72,13832175.0,SIRI
2018-12-31,5.75,5.765,5.635,5.71,16577199.0,SIRI
2019-01-02,5.69,5.95,5.69,5.9,23871519.0,SIRI
2019-01-03,5.82,6.0,5.76,5.94,22282674.0,SIRI
2019-01-04,6.04,6.22,6.0,6.17,25438034.0,SIRI
2019-01-07,6.12,6.29,6.11,6.22,31693691.0,SIRI
2019-01-08,6.26,6.35,6.22,6.35,23761321.0,SIRI
2019-01-09,6.36,6.37,6.0,6.06,43695941.0,SIRI
2019-01-10,6.06,6.1,5.96,6.07,21134637.0,SIRI
2019-01-11,6.07,6.08,5.98,6.07,16582267.0,SIRI
2019-01-14,6.05,6.06,5.92,5.95,20050464.0,SIRI
2019-01-15,5.95,6.0,5.91,5.98,18586036.0,SIRI
2019-01-16,5.98,6.06,5.95,6.02,14504743.0,SIRI
2019-01-17,6.02,6.07,5.99,6.05,15045838.0,SIRI
2019-01-18,6.1,6.16,6.04,6.05,15928672.0,SIRI
2019-01-22,6.04,6.04,5.81,5.85,23535546.0,SIRI
2019-01-23,5.9,5.9,5.69,5.84,23338877.0,SIRI
2019-01-24,5.84,5.85,5.69,5.75,22485114.0,SIRI
2019-01-25,5.8,5.85,5.72,5.82,30379600.0,SIRI
2019-01-28,5.83,5.83,5.7,5.75,26625644.0,SIRI
2019-01-29,5.73,5.82,5.67,5.74,33709091.0,SIRI
2019-01-30,5.9,6.07,5.77,5.92,50082920.0,SIRI
2019-01-31,5.93,6.14,5.82,5.83,82658348.0,SIRI
2019-02-01,5.87,6.04,5.86,5.98,46111677.0,SIRI
2019-02-04,5.95,6.06,5.93,6.04,35465166.0,SIRI
2019-02-05,6.04,6.19,6.0,6.02,43624682.0,SIRI
2019-02-06,6.05,6.07,5.93,5.97,30673976.0,SIRI
2019-02-07,5.94,5.96,5.81,5.89,30517265.0,SIRI
2019-02-08,5.85,5.95,5.84,5.93,22481389.0,SIRI
2019-02-11,5.93,6.0,5.86,5.86,18537359.0,SIRI
2019-02-12,5.89,5.93,5.84,5.9,27972334.0,SIRI
2019-02-13,5.92,5.93,5.805,5.9,21138505.0,SIRI
2019-02-14,5.86,5.97,5.85,5.92,28789879.0,SIRI
2019-02-15,5.97,6.04,5.96,6.03,21066924.0,SIRI
2019-02-19,6.0,6.06,5.96,6.0,27747932.0,SIRI
2019-02-20,5.99,6.09,5.99,6.04,27607891.0,SIRI
2019-02-21,6.05,6.09,5.99,6.08,23096734.0,SIRI
2019-02-22,6.1,6.13,6.03,6.06,21142748.0,SIRI
2019-02-25,6.08,6.1,6.0,6.02,17138840.0,SIRI
2019-02-26,6.0,6.02,5.86,5.92,32547971.0,SIRI
2019-02-27,5.88,5.94,5.86,5.92,18664367.0,SIRI
2019-02-28,5.93,6.01,5.91,5.93,29616297.0,SIRI
2019-03-01,5.95,6.02,5.92,5.99,21448827.0,SIRI
2019-03-04,6.04,6.06,5.88,6.0,30362971.0,SIRI
2019-03-05,5.98,6.04,5.96,6.03,26987014.0,SIRI
2019-03-06,6.01,6.05,5.97,6.0,21437480.0,SIRI
2019-03-07,5.99,6.03,5.94,5.99,31818263.0,SIRI
2019-03-08,5.94,5.98,5.91,5.94,22651289.0,SIRI
2019-03-11,5.92,6.0,5.9,5.97,21243944.0,SIRI
2019-03-12,5.98,6.17,5.93,6.14,43652651.0,SIRI
2019-03-13,6.1,6.18,6.04,6.09,32468806.0,SIRI
2019-03-14,6.07,6.16,6.06,6.13,22232655.0,SIRI
2019-03-15,6.18,6.18,6.08,6.17,32036943.0,SIRI
2019-03-18,6.14,6.17,6.04,6.06,26406190.0,SIRI
2019-03-19,6.08,6.14,6.03,6.11,22336500.0,SIRI
2019-03-20,6.07,6.09,5.92,6.02,35866592.0,SIRI
2019-03-21,6.0,6.07,5.96,5.98,28305270.0,SIRI
2019-03-22,5.93,5.95,5.75,5.76,64391137.0,SIRI
2019-03-25,5.75,5.77,5.69,5.75,36740492.0,SIRI
2019-03-26,5.77,5.8,5.7,5.7,37833041.0,SIRI
2019-03-27,5.73,5.76,5.65,5.66,29836404.0,SIRI
2019-03-28,5.65,5.74,5.65,5.69,21798925.0,SIRI
2019-03-29,5.7,5.72,5.63,5.67,30656250.0,SIRI
2019-04-01,5.7,5.84,5.68,5.79,38540958.0,SIRI
2019-04-02,5.79,5.89,5.76,5.87,32882536.0,SIRI
2019-04-03,5.89,5.96,5.88,5.92,29878751.0,SIRI
2019-04-04,5.93,5.98,5.89,5.96,25841778.0,SIRI
2019-04-05,5.95,5.99,5.87,5.94,29706145.0,SIRI
2019-04-08,5.94,6.0,5.92,5.98,25665358.0,SIRI
2019-04-09,5.94,6.0,5.88,5.97,23085651.0,SIRI
2019-04-10,5.97,6.01,5.93,5.99,25911541.0,SIRI
2019-04-11,6.0,6.06,5.98,6.05,22739010.0,SIRI
2019-04-12,6.07,6.13,6.04,6.1,19817769.0,SIRI
2019-04-15,6.1,6.1,5.9,5.99,26494166.0,SIRI
2019-04-16,5.99,6.01,5.91,5.96,21580293.0,SIRI
2019-04-17,5.96,6.02,5.91,6.01,19844177.0,SIRI
2019-04-18,6.04,6.07,5.97,6.04,27593233.0,SIRI
2019-04-22,6.02,6.14,6.0,6.12,26432979.0,SIRI
2019-04-23,6.1,6.17,6.1,6.15,32266683.0,SIRI
2019-04-24,5.99,6.13,5.63,5.71,82867531.0,SIRI
2019-04-25,5.77,5.81,5.66,5.73,37225894.0,SIRI
2019-04-26,5.75,5.9,5.73,5.78,36786019.0,SIRI
2019-04-29,5.83,5.91,5.74,5.87,33324977.0,SIRI
2019-04-30,5.87,5.92,5.79,5.81,34575392.0,SIRI
2019-05-01,5.81,5.91,5.81,5.88,28993667.0,SIRI
2019-05-02,5.89,5.9,5.72,5.77,37423835.0,SIRI
2019-05-03,5.81,5.9,5.8,5.88,26866755.0,SIRI
2019-05-06,5.79,5.86,5.78,5.84,23343095.0,SIRI
2019-05-07,5.79,5.81,5.67,5.72,34781173.0,SIRI
2019-05-08,5.7,5.78,5.68,5.74,24778192.0,SIRI
2019-05-09,5.69,5.74,5.63,5.71,23825618.0,SIRI
2019-05-10,5.7,5.77,5.63,5.74,20879759.0,SIRI
2019-05-13,5.66,5.69,5.57,5.57,25827508.0,SIRI
2019-05-14,5.59,5.75,5.57,5.63,29306027.0,SIRI
2019-05-15,5.62,5.66,5.59,5.61,23637590.0,SIRI
2019-05-16,5.6,5.71,5.6,5.65,17175964.0,SIRI
2019-05-17,5.63,5.71,5.62,5.66,20774096.0,SIRI
2019-05-20,5.62,5.67,5.57,5.58,20589168.0,SIRI
2019-05-21,5.61,5.69,5.6,5.64,16498075.0,SIRI
2019-05-22,5.62,5.65,5.56,5.56,17250230.0,SIRI
2019-05-23,5.53,5.55,5.33,5.39,35182261.0,SIRI
2019-05-24,5.46,5.52,5.38,5.41,23959026.0,SIRI
2019-05-28,5.41,5.46,5.33,5.35,40480582.0,SIRI
2019-05-29,5.33,5.38,5.28,5.34,28293361.0,SIRI
2019-05-30,5.35,5.44,5.35,5.37,23934292.0,SIRI
2019-05-31,5.33,5.33,5.24,5.31,29981353.0,SIRI
2019-06-03,5.31,5.33,5.23,5.27,22520467.0,SIRI
2019-06-04,5.31,5.4,5.31,5.39,27625480.0,SIRI
2019-06-05,5.44,5.44,5.27,5.27,24383981.0,SIRI
2019-06-06,5.29,5.33,5.25,5.31,21292304.0,SIRI
2019-06-07,5.33,5.37,5.28,5.31,20300366.0,SIRI
2019-06-10,5.38,5.49,5.36,5.43,32957015.0,SIRI
2019-06-11,5.47,5.54,5.44,5.49,25977511.0,SIRI
2019-06-12,5.49,5.53,5.47,5.5,15489965.0,SIRI
2019-06-13,5.53,5.61,5.49,5.58,21745956.0,SIRI
2019-06-14,5.57,5.6,5.53,5.56,18196602.0,SIRI
2019-06-17,5.55,5.72,5.52,5.63,27249646.0,SIRI
2019-06-18,5.69,5.78,5.67,5.7,25905315.0,SIRI
2019-06-19,5.72,5.75,5.61,5.68,19499831.0,SIRI
2019-06-20,5.71,5.765,5.67,5.74,18462651.0,SIRI
2019-06-21,5.71,5.74,5.59,5.6,50359866.0,SIRI
2019-06-24,5.62,5.63,5.52,5.59,22774702.0,SIRI
2019-06-25,5.58,5.6,5.5,5.54,25295424.0,SIRI
2019-06-26,5.56,5.61,5.51,5.53,19473720.0,SIRI
2019-06-27,5.56,5.61,5.51,5.57,18928770.0,SIRI
2019-06-28,5.55,5.63,5.54,5.58,32398678.0,SIRI
2019-07-01,5.63,5.71,5.61,5.71,19530304.0,SIRI
2019-07-02,5.69,5.85,5.69,5.83,28560611.0,SIRI
2019-07-03,5.84,5.89,5.82,5.88,11807463.0,SIRI
2019-07-05,5.87,5.94,5.83,5.91,21192406.0,SIRI
2019-07-08,5.88,5.96,5.88,5.93,20532489.0,SIRI
2019-07-09,5.89,5.99,5.89,5.96,28191285.0,SIRI
2019-07-10,5.99,6.03,5.92,6.03,26789455.0,SIRI
2019-07-11,6.03,6.07,5.98,6.03,18948568.0,SIRI
2019-07-12,6.07,6.1,6.04,6.07,22957782.0,SIRI
2019-07-15,6.06,6.07,5.97,6.04,23071225.0,SIRI
2019-07-16,6.03,6.09,6.02,6.05,18369480.0,SIRI
2019-07-17,6.05,6.07,5.98,6.04,14534263.0,SIRI
2019-07-18,6.01,6.07,6.0,6.04,18127669.0,SIRI
2019-07-19,6.04,6.1,6.01,6.06,16009945.0,SIRI
2019-07-22,6.09,6.12,6.06,6.08,20135674.0,SIRI
2019-07-23,6.09,6.11,6.01,6.04,16110726.0,SIRI
2019-07-24,6.03,6.1,6.03,6.1,14317740.0,SIRI
2019-07-25,6.09,6.23,6.08,6.14,33173939.0,SIRI
2019-07-26,6.16,6.23,6.14,6.22,19644039.0,SIRI
2019-07-29,6.22,6.25,6.1,6.16,34171108.0,SIRI
2019-07-30,6.16,6.25,6.12,6.18,30037061.0,SIRI
2019-07-31,6.16,6.32,6.16,6.26,28429433.0,SIRI
2019-08-01,6.28,6.38,6.26,6.27,27719124.0,SIRI
2019-08-02,6.25,6.37,6.24,6.34,23699760.0,SIRI
2019-08-05,6.27,6.28,5.98,6.05,36807494.0,SIRI
2019-08-06,6.09,6.14,6.04,6.09,18465146.0,SIRI
2019-08-07,6.04,6.13,5.94,6.11,20926122.0,SIRI
2019-08-08,6.13,6.19,6.12,6.17,18622994.0,SIRI
2019-08-09,6.13,6.17,6.07,6.12,17429565.0,SIRI
2019-08-12,6.08,6.12,6.04,6.04,13224745.0,SIRI
2019-08-13,6.04,6.15,6.01,6.08,15739030.0,SIRI
2019-08-14,6.02,6.04,5.97,6.0,23169344.0,SIRI
2019-08-15,6.03,6.05,5.96,5.97,17526076.0,SIRI
2019-08-16,6.03,6.15,6.01,6.08,13505028.0,SIRI
2019-08-19,6.14,6.22,6.12,6.18,19806083.0,SIRI
2019-08-20,6.17,6.2,6.08,6.09,16479218.0,SIRI
2019-08-21,6.12,6.2,6.11,6.16,9689481.0,SIRI
2019-08-22,6.16,6.2,6.12,6.16,11138877.0,SIRI
2019-08-23,6.14,6.18,5.96,5.99,20294428.0,SIRI
2019-08-26,6.05,6.08,6.02,6.08,13402065.0,SIRI
2019-08-27,6.1,6.13,6.02,6.06,19882173.0,SIRI
2019-08-28,6.03,6.17,6.03,6.13,17506115.0,SIRI
2019-08-29,6.17,6.24,6.16,6.21,19605310.0,SIRI
2019-08-30,6.23,6.24,6.16,6.17,12194594.0,SIRI
2019-09-03,6.13,6.18,6.1,6.16,14389543.0,SIRI
2019-09-04,6.22,6.24,6.19,6.21,19534530.0,SIRI
2019-09-05,6.25,6.31,6.22,6.28,18319238.0,SIRI
2019-09-06,6.28,6.31,6.24,6.25,23689938.0,SIRI
2019-09-09,6.26,6.31,6.21,6.29,20175023.0,SIRI
2019-09-10,6.27,6.36,6.26,6.36,15736396.0,SIRI
2019-09-11,6.39,6.5,6.37,6.49,24888068.0,SIRI
2019-09-12,6.5,6.5,6.37,6.45,18704626.0,SIRI
2019-09-13,6.47,6.48,6.35,6.39,15609217.0,SIRI
2019-09-16,6.35,6.38,6.31,6.37,16141451.0,SIRI
2019-09-17,6.35,6.49,6.32,6.47,21144431.0,SIRI
2019-09-18,6.47,6.47,6.32,6.39,22180047.0,SIRI
2019-09-19,6.38,6.39,6.33,6.34,15744160.0,SIRI
2019-09-20,6.36,6.37,6.23,6.26,44965245.0,SIRI
2019-09-23,6.29,6.33,6.28,6.29,13617674.0,SIRI
2019-09-24,6.36,6.37,6.22,6.23,18699626.0,SIRI
2019-09-25,6.23,6.34,6.23,6.32,12816707.0,SIRI
2019-09-26,6.3,6.33,6.22,6.26,10511500.0,SIRI
2019-09-27,6.29,6.31,6.17,6.21,14444353.0,SIRI
2019-09-30,6.25,6.27,6.22,6.26,12749119.0,SIRI
2019-10-01,6.28,6.34,6.17,6.18,15153792.0,SIRI
2019-10-02,6.18,6.26,6.17,6.23,17832545.0,SIRI
2019-10-03,6.23,6.37,6.18,6.35,21984751.0,SIRI
2019-10-04,6.35,6.45,6.35,6.38,14727699.0,SIRI
2019-10-07,6.36,6.41,6.31,6.33,15029251.0,SIRI
2019-10-08,6.31,6.32,6.23,6.24,17502246.0,SIRI
2019-10-09,6.26,6.28,6.19,6.25,11386133.0,SIRI
2019-10-10,6.23,6.31,6.22,6.25,13877760.0,SIRI
2019-10-11,6.31,6.38,6.3,6.31,14012565.0,SIRI
2019-10-14,6.31,6.36,6.25,6.33,10815263.0,SIRI
2019-10-15,6.34,6.47,6.34,6.44,17847700.0,SIRI
2019-10-16,6.41,6.48,6.37,6.43,16380338.0,SIRI
2019-10-17,6.47,6.5,6.4,6.48,15217307.0,SIRI
2019-10-18,6.5,6.5,6.41,6.43,13504751.0,SIRI
2019-10-21,6.44,6.49,6.37,6.42,14247658.0,SIRI
2019-10-22,6.42,6.43,6.38,6.4,16274552.0,SIRI
2019-10-23,6.41,6.47,6.4,6.45,12630155.0,SIRI
2019-10-24,6.41,6.47,6.32,6.46,23866564.0,SIRI
2019-10-25,6.44,6.5,6.4,6.44,17305661.0,SIRI
2019-10-28,6.45,6.49,6.44,6.46,11815779.0,SIRI
2019-10-29,6.44,6.47,6.35,6.37,19939216.0,SIRI
2019-10-30,6.4,6.47,6.29,6.47,19987100.0,SIRI
2019-10-31,6.48,6.75,6.48,6.72,38352458.0,SIRI
2019-11-01,6.74,6.84,6.72,6.82,29940442.0,SIRI
2019-11-04,6.85,6.86,6.75,6.77,16884875.0,SIRI
2019-11-05,6.78,6.88,6.75,6.83,16268599.0,SIRI
2019-11-06,6.83,6.85,6.76,6.78,16716471.0,SIRI
2019-11-07,6.79,6.86,6.78,6.8,17093475.0,SIRI
2019-11-08,6.8,6.88,6.77,6.85,15188207.0,SIRI
2019-11-11,6.82,6.99,6.81,6.96,14044436.0,SIRI
2019-11-12,6.95,6.98,6.9,6.93,17860209.0,SIRI
2019-11-13,6.92,6.98,6.88,6.88,23208022.0,SIRI
2019-11-14,6.89,6.99,6.88,6.98,18932459.0,SIRI
2019-11-15,6.99,7.0,6.91,6.92,16344128.0,SIRI
2019-11-18,6.92,6.97,6.91,6.95,14965881.0,SIRI
2019-11-19,6.96,6.99,6.91,6.97,14484425.0,SIRI
2019-11-20,6.93,6.97,6.84,6.9,13479364.0,SIRI
2019-11-21,6.94,6.97,6.84,6.96,24245542.0,SIRI
2019-11-22,7.0,7.0,6.8,6.81,60460134.0,SIRI
2019-11-25,6.83,6.88,6.77,6.85,22622309.0,SIRI
2019-11-26,6.86,6.9,6.82,6.9,24802331.0,SIRI
2019-11-27,6.88,6.95,6.88,6.93,20603715.0,SIRI
2019-11-29,6.96,7.0,6.88,6.98,11191655.0,SIRI
2019-12-02,6.97,6.98,6.88,6.89,28649202.0,SIRI
2019-12-03,6.91,6.92,6.7,6.78,31782468.0,SIRI
2019-12-04,6.8,6.87,6.77,6.87,19196974.0,SIRI
2019-12-05,6.89,6.89,6.83,6.86,19524091.0,SIRI
2019-12-06,6.91,6.92,6.83,6.83,17528411.0,SIRI
2019-12-09,6.83,6.88,6.82,6.87,10447934.0,SIRI
2019-12-10,6.87,6.94,6.85,6.89,14622703.0,SIRI
2019-12-11,6.9,6.91,6.84,6.87,14475961.0,SIRI
2019-12-12,6.87,6.93,6.84,6.89,18782245.0,SIRI
2019-12-13,6.89,6.96,6.85,6.92,22634782.0,SIRI
2019-12-16,6.93,6.97,6.89,6.95,14480111.0,SIRI
2019-12-17,6.96,6.99,6.9,6.99,15695809.0,SIRI
2019-12-18,6.98,7.05,6.97,7.04,22050330.0,SIRI
2019-12-19,7.04,7.09,7.04,7.08,17671678.0,SIRI
2019-12-20,7.09,7.18,7.08,7.18,35856230.0,SIRI
2019-12-23,7.16,7.18,7.07,7.09,14029034.0,SIRI
2019-12-24,7.12,7.15,7.11,7.14,5279223.0,SIRI
2019-12-26,7.16,7.17,7.14,7.16,9272371.0,SIRI
2019-12-27,7.17,7.2,7.12,7.135,9165954.0,SIRI
2019-12-30,7.14,7.16,7.07,7.09,12093226.0,SIRI
2019-12-31,7.09,7.16,7.09,7.15,12060899.0,SIRI
2020-01-02,7.13,7.19,7.1,7.13,15984356.0,SIRI
2020-01-03,7.05,7.14,7.01,7.09,24582177.0,SIRI
2020-01-06,7.05,7.14,7.04,7.12,18958596.0,SIRI
2020-01-07,7.08,7.16,7.05,7.07,20600402.0,SIRI
2020-01-08,7.06,7.12,7.02,7.06,20773731.0,SIRI
2020-01-09,7.06,7.14,7.03,7.05,17168295.0,SIRI
2020-01-10,7.06,7.06,6.98,7.0,17393626.0,SIRI
2020-01-13,7.0,7.05,6.96,7.05,15796211.0,SIRI
2020-01-14,7.02,7.14,6.98,7.11,20752094.0,SIRI
2020-01-15,7.12,7.2,7.1,7.17,20946759.0,SIRI
2020-01-16,7.19,7.21,7.14,7.2,13557350.0,SIRI
2020-01-17,7.21,7.23,7.16,7.17,14090812.0,SIRI
2020-01-21,7.15,7.18,7.12,7.15,12832089.0,SIRI
2020-01-22,7.16,7.21,7.12,7.2,28995637.0,SIRI
2020-01-23,7.17,7.18,7.08,7.16,18264256.0,SIRI
2020-01-24,7.15,7.18,7.05,7.11,18141599.0,SIRI
2020-01-27,7.06,7.14,7.02,7.12,18845040.0,SIRI
2020-01-28,7.13,7.16,7.1,7.13,19484413.0,SIRI
2020-01-29,7.12,7.13,7.05,7.08,15912253.0,SIRI
2020-01-30,7.05,7.19,7.02,7.19,21907751.0,SIRI
2020-01-31,7.16,7.22,7.05,7.07,18435465.0,SIRI
2020-02-03,7.1,7.2,7.08,7.17,23250354.0,SIRI
2020-02-04,7.22,7.3,7.14,7.21,20751042.0,SIRI
2020-02-05,7.25,7.29,7.17,7.17,19045075.0,SIRI
2020-02-06,7.18,7.25,7.17,7.19,13389772.0,SIRI
2020-02-07,7.14,7.16,7.09,7.11,15385038.0,SIRI
2020-02-10,7.13,7.2,7.12,7.2,14253084.0,SIRI
2020-02-11,7.2,7.22,7.16,7.16,16604473.0,SIRI
2020-02-12,7.17,7.23,7.17,7.21,14613367.0,SIRI
2020-02-13,7.21,7.25,7.2,7.23,10570162.0,SIRI
2020-02-14,7.23,7.25,7.2,7.21,12271437.0,SIRI
2020-02-18,7.19,7.24,7.18,7.24,13627927.0,SIRI
2020-02-19,7.22,7.31,7.21,7.25,20385556.0,SIRI
2020-02-20,7.28,7.4,7.25,7.34,17588549.0,SIRI
2020-02-21,7.33,7.34,7.23,7.24,16891612.0,SIRI
2020-02-24,7.16,7.22,7.04,7.04,31409052.0,SIRI
2020-02-25,7.08,7.11,6.95,6.98,36293056.0,SIRI
2020-02-26,7.0,7.04,6.78,6.79,40390914.0,SIRI
2020-02-27,6.7,6.75,6.45,6.46,54696184.0,SIRI
2020-02-28,6.3,6.43,6.2,6.34,55313958.0,SIRI
2020-03-02,6.28,6.55,6.26,6.55,37938667.0,SIRI
2020-03-03,6.48,6.7,6.42,6.48,37680017.0,SIRI
2020-03-04,6.57,6.66,6.56,6.65,22911332.0,SIRI
2020-03-05,6.48,6.68,6.46,6.64,38219724.0,SIRI
2020-03-06,6.36,6.55,6.33,6.44,33961744.0,SIRI
2020-03-09,6.16,6.27,5.97,6.04,41161755.0,SIRI
2020-03-10,6.16,6.34,5.96,6.33,41116934.0,SIRI
2020-03-11,6.12,6.26,5.96,6.05,36458751.0,SIRI
2020-03-12,5.66,5.95,5.28,5.56,40210005.0,SIRI
2020-03-13,5.78,5.9,5.44,5.9,41060795.0,SIRI
2020-03-16,5.24,5.73,4.98,5.08,47077019.0,SIRI
2020-03-17,5.15,5.48,4.89,5.43,44691642.0,SIRI
2020-03-18,5.15,5.23,4.53,4.75,58495286.0,SIRI
2020-03-19,4.67,4.92,4.51,4.79,40726592.0,SIRI
2020-03-20,4.8,4.93,4.41,4.44,58310813.0,SIRI
2020-03-23,4.38,4.6,4.11,4.52,58213823.0,SIRI
2020-03-24,4.8,4.98,4.7,4.98,50657794.0,SIRI
2020-03-25,4.98,5.32,4.92,5.05,27040135.0,SIRI
2020-03-26,5.07,5.35,5.07,5.2,27209586.0,SIRI
2020-03-27,5.04,5.06,4.9,4.93,24632809.0,SIRI
2020-03-30,4.96,5.08,4.76,4.81,34793028.0,SIRI
2020-03-31,4.84,5.12,4.8,4.94,29401995.0,SIRI
2020-04-01,4.76,4.91,4.6,4.64,26473071.0,SIRI
2020-04-02,4.59,4.85,4.51,4.75,23163160.0,SIRI
2020-04-03,4.73,4.76,4.41,4.48,20780746.0,SIRI
2020-04-06,4.72,4.85,4.68,4.79,24069186.0,SIRI
2020-04-07,4.92,5.1,4.82,4.91,28279108.0,SIRI
2020-04-08,4.99,5.21,4.92,5.17,17521258.0,SIRI
2020-04-09,5.24,5.38,5.15,5.25,21788410.0,SIRI
2020-04-13,5.22,5.23,4.95,5.12,18438260.0,SIRI
2020-04-14,5.17,5.44,5.14,5.42,24209334.0,SIRI
2020-04-15,5.32,5.34,5.2,5.3,21001567.0,SIRI
2020-04-16,5.32,5.38,5.22,5.3,22855435.0,SIRI
2020-04-17,5.41,5.43,5.2,5.29,18197226.0,SIRI
2020-04-20,5.2,5.33,5.17,5.22,17474307.0,SIRI
2020-04-21,5.13,5.17,4.97,5.0,20590910.0,SIRI
2020-04-22,5.13,5.13,5.03,5.05,18532464.0,SIRI
2020-04-23,5.11,5.57,5.11,5.37,51892146.0,SIRI
2020-04-24,5.46,5.54,5.29,5.51,31043192.0,SIRI
2020-04-27,5.51,5.69,5.5,5.61,21963800.0,SIRI
2020-04-28,5.89,6.02,5.58,5.76,34013878.0,SIRI
2020-04-29,5.92,6.03,5.87,5.92,32119327.0,SIRI
2020-04-30,5.92,6.0,5.8,5.91,24073151.0,SIRI
2020-05-01,5.8,5.83,5.68,5.8,24117376.0,SIRI
2020-05-04,5.75,5.83,5.61,5.75,24190930.0,SIRI
2020-05-05,5.79,5.8,5.67,5.74,24739972.0,SIRI
2020-05-06,5.76,5.77,5.62,5.66,26369648.0,SIRI
2020-05-07,5.64,5.71,5.5,5.52,36647057.0,SIRI
2020-05-08,5.62,5.75,5.57,5.75,29630857.0,SIRI
2020-05-11,5.7,5.71,5.59,5.66,25272898.0,SIRI
2020-05-12,5.66,5.68,5.41,5.43,32093601.0,SIRI
2020-05-13,5.42,5.48,5.11,5.22,42759534.0,SIRI
2020-05-14,5.16,5.31,5.01,5.29,56935189.0,SIRI
2020-05-15,5.25,5.34,5.18,5.34,26041018.0,SIRI
2020-05-18,5.49,5.64,5.44,5.51,44313931.0,SIRI
2020-05-19,5.54,5.57,5.42,5.45,36371626.0,SIRI
2020-05-20,5.48,5.51,5.19,5.23,49101707.0,SIRI
2020-05-21,5.23,5.23,5.06,5.2,51857017.0,SIRI
2020-05-22,5.21,5.35,5.17,5.31,39030063.0,SIRI
2020-05-26,5.44,5.52,5.32,5.48,38737882.0,SIRI
2020-05-27,5.65,5.84,5.64,5.78,48189134.0,SIRI
2020-05-28,5.79,5.79,5.64,5.68,38509730.0,SIRI
2020-05-29,5.66,5.86,5.57,5.82,62455309.0,SIRI
2020-06-01,5.82,6.0,5.81,5.97,33713857.0,SIRI
2020-06-02,6.04,6.05,5.93,5.98,34274193.0,SIRI
2020-06-03,6.04,6.29,6.02,6.25,41905594.0,SIRI
2020-06-04,6.24,6.5,6.21,6.45,57404898.0,SIRI
2020-06-05,6.68,6.73,6.46,6.51,37423141.0,SIRI
2020-06-08,6.57,6.58,6.46,6.52,32546909.0,SIRI
2020-06-09,6.44,6.46,6.3,6.33,23545353.0,SIRI
2020-06-10,6.34,6.35,6.09,6.22,28889661.0,SIRI
2020-06-11,6.06,6.09,5.81,5.85,30558346.0,SIRI
2020-06-12,6.02,6.06,5.8,5.94,33633820.0,SIRI
2020-06-15,5.81,6.02,5.79,5.99,27087835.0,SIRI
2020-06-16,6.18,6.19,5.92,6.04,26132825.0,SIRI
2020-06-17,6.04,6.1,6.0,6.02,18057525.0,SIRI
2020-06-18,6.01,6.09,5.97,6.06,21462918.0,SIRI
2020-06-19,6.12,6.17,5.94,5.96,43943631.0,SIRI
2020-06-22,5.95,6.0,5.87,5.96,23603311.0,SIRI
2020-06-23,6.01,6.07,5.88,5.9,29922750.0,SIRI
2020-06-24,5.89,5.89,5.71,5.78,32398820.0,SIRI
2020-06-25,5.74,5.84,5.66,5.82,27065663.0,SIRI
2020-06-26,5.8,5.81,5.52,5.54,49865874.0,SIRI
2020-06-29,5.57,5.73,5.545,5.7,23508924.0,SIRI
2020-06-30,5.69,5.89,5.65,5.87,36890907.0,SIRI
2020-07-01,5.88,5.96,5.79,5.89,26157637.0,SIRI
2020-07-02,5.98,5.98,5.83,5.84,24056441.0,SIRI
2020-07-06,5.9,5.96,5.85,5.87,21656195.0,SIRI
2020-07-07,5.9,5.91,5.78,5.79,22289689.0,SIRI
2020-07-08,5.78,5.82,5.7,5.78,20448424.0,SIRI
2020-07-09,5.78,5.82,5.59,5.63,19778598.0,SIRI
2020-07-10,5.65,5.72,5.61,5.7,18971602.0,SIRI
2020-07-13,5.69,5.78,5.59,5.59,22869114.0,SIRI
2020-07-14,5.52,5.69,5.51,5.66,30238378.0,SIRI
2020-07-15,5.76,6.02,5.76,6.01,39096106.0,SIRI
2020-07-16,5.95,5.98,5.87,5.95,19878864.0,SIRI
2020-07-17,5.94,5.98,5.89,5.89,23128770.0,SIRI
2020-07-20,5.89,5.92,5.76,5.82,20109829.0,SIRI
2020-07-21,5.86,6.03,5.85,5.87,23910947.0,SIRI
2020-07-22,5.91,5.98,5.855,5.94,20669137.0,SIRI
2020-07-23,5.93,5.97,5.85,5.89,19364518.0,SIRI
2020-07-24,5.9,5.95,5.85,5.905,19196558.0,SIRI
2020-07-27,5.9,5.99,5.84,5.99,20470124.0,SIRI
2020-07-28,6.05,6.06,5.92,5.95,18707142.0,SIRI
2020-07-29,5.97,6.02,5.87,5.91,27449781.0,SIRI
2020-07-30,6.07,6.2,5.82,5.87,52706141.0,SIRI
2020-07-31,5.85,5.93,5.75,5.88,35189989.0,SIRI
2020-08-03,5.87,5.93,5.805,5.87,21193442.0,SIRI
2020-08-04,5.85,5.99,5.835,5.92,21432461.0,SIRI
2020-08-05,5.94,5.97,5.89,5.91,17994338.0,SIRI
2020-08-06,5.9,5.95,5.86,5.92,17973292.0,SIRI
2020-08-07,5.88,5.985,5.88,5.98,18090006.0,SIRI
2020-08-10,5.94,6.02,5.9,6.01,17325176.0,SIRI
2020-08-11,6.0229,6.15,6.02,6.045,27783372.0,SIRI
2020-08-12,6.06,6.2,6.05,6.09,21154224.0,SIRI
2020-08-13,6.08,6.12,6.0,6.005,16563300.0,SIRI
2020-08-14,6.01,6.05,5.97,5.98,15346021.0,SIRI
2020-08-17,5.9961,6.0156,5.92,5.995,21602591.0,SIRI
2020-08-18,5.97,6.01,5.93,5.95,14578416.0,SIRI
2020-08-19,5.97,5.98,5.85,5.87,15605705.0,SIRI
2020-08-20,5.82,5.84,5.77,5.83,18622026.0,SIRI
2020-08-21,5.79,5.82,5.75,5.82,21217796.0,SIRI
2020-08-24,5.82,5.87,5.78,5.85,20255454.0,SIRI
2020-08-25,5.87,5.8872,5.775,5.86,17489922.0,SIRI
2020-08-26,5.81,5.87,5.8,5.83,15293999.0,SIRI
2020-08-27,5.85,5.96,5.85,5.9,22569832.0,SIRI
2020-08-28,5.92,5.98,5.9,5.96,17721150.0,SIRI
2020-08-31,5.91,5.9229,5.85,5.87,18814240.0,SIRI
2020-09-01,5.8275,5.845,5.79,5.83,22520372.0,SIRI
2020-09-02,5.8233,5.96,5.81,5.93,35495729.0,SIRI
2020-09-03,5.94,5.99,5.73,5.76,33973018.0,SIRI
2020-09-04,5.8,5.825,5.66,5.72,24107092.0,SIRI
2020-09-08,5.7,5.72,5.59,5.62,32394917.0,SIRI
2020-09-09,5.6645,5.74,5.57,5.71,29788030.0,SIRI
2020-09-10,5.69,5.77,5.53,5.58,31233934.0,SIRI
2020-09-11,5.59,5.615,5.45,5.48,26112887.0,SIRI
2020-09-14,5.51,5.67,5.51,5.64,29251337.0,SIRI
2020-09-15,5.59,5.59,5.33,5.36,46834352.0,SIRI
2020-09-16,5.418,5.51,5.37,5.4,41299511.0,SIRI
2020-09-17,5.32,5.37,5.27,5.31,34323798.0,SIRI
2020-09-18,5.3,5.32,5.13,5.16,49431225.0,SIRI
2020-09-21,5.07,5.11,5.0,5.11,30160764.0,SIRI
2020-09-22,5.13,5.2,5.04,5.13,33312638.0,SIRI
2020-09-23,5.15,5.2,5.01,5.02,24205974.0,SIRI
2020-09-24,4.97,5.125,4.95,5.1,25502006.0,SIRI
2020-09-25,5.05,5.18,5.01,5.12,25048523.0,SIRI
2020-09-28,5.2,5.32,5.2,5.29,22137673.0,SIRI
2020-09-29,5.3,5.315,5.19,5.25,17845428.0,SIRI
2020-09-30,5.28,5.44,5.27,5.36,28075291.0,SIRI
2020-10-01,5.4,5.66,5.38,5.65,43271802.0,SIRI
2020-10-02,5.52,5.66,5.5,5.56,31952102.0,SIRI
2020-10-05,5.59,5.655,5.52,5.61,21901433.0,SIRI
2020-10-06,5.6,5.67,5.53,5.56,27371668.0,SIRI
2020-10-07,5.77,5.89,5.75,5.815,32560272.0,SIRI
2020-10-08,5.91,5.98,5.76,5.96,33311383.0,SIRI
2020-10-09,5.97,6.03,5.84,5.84,21088191.0,SIRI
2020-10-12,5.87,5.95,5.85,5.91,27179197.0,SIRI
2020-10-13,5.91,5.98,5.84,5.885,29310143.0,SIRI
2020-10-14,5.89,5.925,5.81,5.84,19640500.0,SIRI
2020-10-15,5.78,5.86,5.74,5.84,29180928.0,SIRI
2020-10-16,5.84,5.87,5.795,5.84,28474833.0,SIRI
2020-10-19,5.84,5.89,5.72,5.73,21310346.0,SIRI
2020-10-20,5.82,5.86,5.7599,5.8,19844006.0,SIRI
2020-10-21,5.83,5.92,5.78,5.86,32505013.0,SIRI
2020-10-22,6.01,6.03,5.82,5.99,31413017.0,SIRI
2020-10-23,6.0,6.04,5.9,5.98,21719305.0,SIRI
2020-10-26,5.93,5.98,5.78,5.79,24029842.0,SIRI
2020-10-27,5.85,5.93,5.76,5.91,20521492.0,SIRI
2020-10-28,5.84,5.855,5.69,5.7,23682363.0,SIRI
2020-10-29,5.68,5.88,5.665,5.83,26871020.0,SIRI
2020-10-30,5.77,5.84,5.7,5.73,22300434.0,SIRI
2020-11-02,5.79,5.88,5.735,5.78,21972513.0,SIRI
2020-11-03,5.82,5.91,5.81,5.82,26780941.0,SIRI
2020-11-04,5.88,5.94,5.79,5.89,26095699.0,SIRI
2020-11-05,5.92,6.11,5.91,6.09,23957317.0,SIRI
2020-11-06,6.06,6.1,6.01,6.03,21434744.0,SIRI
2020-11-09,6.25,6.32,6.05,6.05,28739482.0,SIRI
2020-11-10,5.97,6.135,5.96,5.99,31737272.0,SIRI
2020-11-11,6.06,6.26,6.01,6.18,22700540.0,SIRI
2020-11-12,6.15,6.21,6.035,6.11,21986313.0,SIRI
2020-11-13,6.15,6.29,6.14,6.27,19990727.0,SIRI
2020-11-16,6.34,6.39,6.3,6.37,20301179.0,SIRI
2020-11-17,6.28,6.46,6.28,6.41,17475197.0,SIRI
2020-11-18,6.425,6.48,6.31,6.32,20547748.0,SIRI
2020-11-19,6.27,6.44,6.26,6.41,19697876.0,SIRI
2020-11-20,6.38,6.46,6.3603,6.42,15550531.0,SIRI
2020-11-23,6.44,6.6,6.43,6.56,21813129.0,SIRI
2020-11-24,6.62,6.66,6.54,6.55,19022993.0,SIRI
2020-11-25,6.54,6.55,6.34,6.47,25936289.0,SIRI
2020-11-27,6.5,6.625,6.5,6.55,10885928.0,SIRI
2020-11-30,6.53,6.54,6.4,6.49,24360837.0,SIRI
2020-12-01,6.51,6.6,6.48,6.52,25411766.0,SIRI
2020-12-02,6.5144,6.52,6.42,6.43,17445602.0,SIRI
2020-12-03,6.42,6.48,6.38,6.43,21770537.0,SIRI
2020-12-04,6.42,6.4863,6.33,6.34,19228993.0,SIRI
2020-12-07,6.35,6.5655,6.33,6.52,22031102.0,SIRI
2020-12-08,6.63,6.6776,6.51,6.61,46046440.0,SIRI
2020-12-09,6.67,6.725,6.38,6.41,29539634.0,SIRI
2020-12-10,6.39,6.42,6.32,6.39,24764475.0,SIRI
2020-12-11,6.4,6.45,6.36,6.42,19912841.0,SIRI
2020-12-14,6.45,6.45,6.31,6.33,17320409.0,SIRI
2020-12-15,6.35,6.41,6.3,6.39,11403397.0,SIRI
2020-12-16,6.39,6.405,6.34,6.37,13773716.0,SIRI
2020-12-17,6.4,6.42,6.315,6.38,18549200.0,SIRI
2020-12-18,6.4,6.43,6.27,6.31,38941608.0,SIRI
2020-12-21,6.25,6.33,6.17,6.31,21376396.0,SIRI
2020-12-22,6.28,6.319,6.24,6.27,13506341.0,SIRI
2020-12-23,6.28,6.31,6.25,6.27,18910840.0,SIRI
2020-12-24,6.27,6.32,6.25,6.305,5567365.0,SIRI
2020-12-28,6.3,6.38,6.265,6.345,14866015.0,SIRI
2020-12-29,6.33,6.42,6.31,6.41,17529041.0,SIRI
2020-12-30,6.39,6.49,6.38,6.41,15742735.0,SIRI
2020-12-31,6.425,6.43,6.32,6.37,12468548.0,SIRI
2021-01-04,6.39,6.39,6.12,6.17,35205416.0,SIRI
2021-01-05,6.12,6.28,6.12,6.24,28811937.0,SIRI
2021-01-06,6.235,6.53,6.23,6.52,37326564.0,SIRI
2021-01-07,6.4954,6.51,6.375,6.42,30891575.0,SIRI
2021-01-08,6.39,6.39,5.91,5.91,63401620.0,SIRI
2021-01-11,5.93,6.02,5.89,5.94,35523041.0,SIRI
2021-01-12,5.94,5.99,5.87,5.88,31508863.0,SIRI
2021-01-13,5.86,5.93,5.755,5.89,39399560.0,SIRI
2021-01-14,5.93,5.96,5.815,5.83,28425595.0,SIRI
2021-01-15,5.82,5.87,5.75,5.8,23586271.0,SIRI
2021-01-19,5.83,6.01,5.8,5.95,29451947.0,SIRI
2021-01-20,5.94,6.0,5.85,5.96,24827122.0,SIRI
2021-01-21,5.93,6.04,5.88,5.99,20873392.0,SIRI
2021-01-22,5.96,5.9974,5.87,5.97,19289215.0,SIRI
2021-01-25,5.97,6.15,5.96,6.06,33841028.0,SIRI
2021-01-26,6.0663,6.59,6.05,6.55,53133715.0,SIRI
2021-01-27,6.77,8.14,6.75,6.87,147330970.0,SIRI
2021-01-28,6.83,6.92,6.38,6.4,67769814.0,SIRI
2021-01-29,6.42,6.76,6.24,6.26,41425751.0,SIRI
2021-02-01,6.35,6.4,6.16,6.26,28154954.0,SIRI
2021-02-02,6.29,6.31,5.98,6.2,41870572.0,SIRI
2021-02-03,6.15,6.28,6.125,6.18,30116551.0,SIRI
2021-02-04,6.15,6.1822,6.07,6.12,26160035.0,SIRI
2021-02-05,6.12,6.18,6.08,6.105,29497659.0,SIRI
2021-02-08,6.14,6.19,6.03,6.055,30032246.0,SIRI
2021-02-09,6.07,6.1,5.99,6.06,36567417.0,SIRI
2021-02-10,6.055,6.1574,6.02,6.07,30504240.0,SIRI
2021-02-11,6.09,6.12,6.0101,6.11,23036299.0,SIRI
2021-02-12,6.1,6.13,6.02,6.09,18559533.0,SIRI
2021-02-16,6.09,6.11,5.95,5.99,21835693.0,SIRI
2021-02-17,5.97,6.07,5.92,6.01,24883909.0,SIRI
2021-02-18,6.01,6.05,5.93,6.02,21633312.0,SIRI
2021-02-19,5.98,6.08,5.98,6.01,18381155.0,SIRI
2021-02-22,6.005,6.095,6.0,6.02,19943980.0,SIRI
2021-02-23,6.02,6.05,5.865,5.95,25486208.0,SIRI
2021-02-24,5.905,6.0,5.88,5.99,25853125.0,SIRI
2021-02-25,5.99,6.04,5.81,5.86,31673504.0,SIRI
2021-02-26,5.86,5.97,5.81,5.85,33052251.0,SIRI
2021-03-01,5.89,6.04,5.84,6.02,20311083.0,SIRI
2021-03-02,6.02,6.04,5.96,5.98,18158544.0,SIRI
2021-03-03,5.97,6.0,5.87,5.89,20835432.0,SIRI
2021-03-04,5.88,5.95,5.76,5.79,25692152.0,SIRI
2021-03-05,5.81,5.92,5.76,5.89,30028319.0,SIRI
2021-03-08,5.88,5.99,5.86,5.91,32574846.0,SIRI
2021-03-09,5.93,6.04,5.88,5.97,27454053.0,SIRI
2021-03-10,6.02,6.13,5.965,6.06,22841377.0,SIRI
2021-03-11,6.05,6.18,6.05,6.14,18859565.0,SIRI
2021-03-12,6.09,6.2,6.08,6.16,19988942.0,SIRI
2021-03-15,6.18,6.29,6.16,6.25,19551872.0,SIRI
2021-03-16,6.28,6.4,6.25,6.33,28734322.0,SIRI
2021-03-17,6.31,6.31,6.16,6.29,27683717.0,SIRI
2021-03-18,6.21,6.265,6.06,6.1,21537853.0,SIRI
2021-03-19,6.08,6.175,6.06,6.08,39132887.0,SIRI
2021-03-22,6.17,6.335,6.08,6.31,28874431.0,SIRI
2021-03-23,6.31,6.42,6.22,6.24,25997428.0,SIRI
2021-03-24,6.24,6.29,6.1,6.11,24412118.0,SIRI
2021-03-25,6.16,6.21,6.1,6.15,15288906.0,SIRI
2021-03-26,6.15,6.28,6.11,6.22,26890614.0,SIRI
2021-03-29,6.19,6.28,6.11,6.15,17612897.0,SIRI
2021-03-30,6.15,6.18,6.09,6.12,16105279.0,SIRI
2021-03-31,6.14,6.2,6.08,6.09,18452585.0,SIRI
2021-04-01,6.12,6.28,6.12,6.27,20783928.0,SIRI
2021-04-05,6.27,6.335,6.25,6.3,17963015.0,SIRI
2021-04-06,6.27,6.34,6.25,6.34,18650063.0,SIRI
2021-04-07,6.35,6.37,6.28,6.33,14066209.0,SIRI
2021-04-08,6.34,6.355,6.27,6.31,13013219.0,SIRI
2021-04-09,6.32,6.38,6.27,6.35,18114663.0,SIRI
2021-04-12,6.3,6.34,6.2,6.23,17685311.0,SIRI
2021-04-13,6.24,6.24,6.16,6.2,15826227.0,SIRI
2021-04-14,6.19,6.32,6.1862,6.28,18642590.0,SIRI
2021-04-15,6.31,6.34,6.24,6.24,17971697.0,SIRI
2021-04-16,6.24,6.33,6.23,6.31,14986516.0,SIRI
2021-04-19,6.34,6.34,6.24,6.28,13926344.0,SIRI
2021-04-20,6.27,6.33,6.23,6.31,17105803.0,SIRI
2021-04-21,6.32,6.43,6.29,6.39,25351496.0,SIRI
2021-04-22,6.37,6.415,6.27,6.295,17278157.0,SIRI
2021-04-23,6.31,6.41,6.27,6.38,16333493.0,SIRI
2021-04-26,6.34,6.43,6.325,6.36,14158715.0,SIRI
2021-04-27,6.38,6.42,6.27,6.31,26558127.0,SIRI
2021-04-28,6.2,6.25,5.96,6.065,41727234.0,SIRI
2021-04-29,6.01,6.14,6.01,6.13,26320930.0,SIRI
2021-04-30,6.06,6.15,6.05,6.1,20770582.0,SIRI
2021-05-03,6.1479,6.15,6.05,6.055,15310006.0,SIRI
2021-05-04,6.06,6.075,5.97,6.01,21150428.0,SIRI
2021-05-05,6.01,6.06,5.96,6.03,22998972.0,SIRI
2021-05-06,6.02,6.05,5.95,5.98,15995423.0,SIRI
2021-05-07,6.0,6.1,5.97,6.04,15998364.0,SIRI
2021-05-10,6.04,6.08,5.95,5.96,18083022.0,SIRI
2021-05-11,6.0,6.0,5.86,5.87,20598398.0,SIRI
2021-05-12,5.82,5.865,5.75,5.77,23089517.0,SIRI
2021-05-13,5.7905,5.9,5.78,5.835,19854095.0,SIRI
2021-05-14,5.86,5.94,5.83,5.91,15275881.0,SIRI
2021-05-17,5.9,5.925,5.82,5.87,16018490.0,SIRI
2021-05-18,5.89,5.94,5.83,5.87,17084202.0,SIRI
2021-05-19,5.82,5.84,5.76,5.81,22908020.0,SIRI
2021-05-20,5.79,5.98,5.79,5.98,16219813.0,SIRI
2021-05-21,5.95,6.01,5.9,5.95,17254904.0,SIRI
2021-05-24,6.05,6.175,5.97,6.14,25016292.0,SIRI
2021-05-25,6.15,6.16,5.95,5.99,27174083.0,SIRI
2021-05-26,6.03,6.08,5.995,6.05,20105081.0,SIRI
2021-05-27,6.05,6.225,6.04,6.21,40436332.0,SIRI
2021-05-28,6.24,6.33,6.2,6.25,23352952.0,SIRI
2021-06-01,6.3,6.3399,6.25,6.28,17282586.0,SIRI
2021-06-02,6.3,6.5,6.25,6.45,31309825.0,SIRI
2021-06-03,6.42,6.44,6.315,6.38,25197191.0,SIRI
2021-06-04,6.39,6.475,6.38,6.47,13890817.0,SIRI
2021-06-07,6.47,6.63,6.455,6.6,32077384.0,SIRI
2021-06-08,6.615,7.11,6.5925,7.09,65546713.0,SIRI
2021-06-09,7.12,7.29,6.84,6.85,33796024.0,SIRI
2021-06-10,6.86,6.89,6.64,6.69,26354463.0,SIRI
2021-06-11,6.67,6.74,6.64,6.74,13341993.0,SIRI
2021-06-14,6.73,6.88,6.7,6.75,12687503.0,SIRI
2021-06-15,6.74,6.775,6.62,6.63,15690984.0,SIRI
2021-06-16,6.63,6.65,6.46,6.56,23178291.0,SIRI
2021-06-17,6.52,6.58,6.39,6.4,25635407.0,SIRI
2021-06-18,6.33,6.37,6.26,6.3,25962771.0,SIRI
2021-06-21,6.36,6.37,6.3,6.32,15143650.0,SIRI
2021-06-22,6.3,6.37,6.27,6.36,18937597.0,SIRI
2021-06-23,6.38,6.4,6.29,6.29,13979938.0,SIRI
2021-06-24,6.3,6.45,6.3,6.41,13044852.0,SIRI
2021-06-25,6.41,6.53,6.39,6.52,37679555.0,SIRI
2021-06-28,6.53,6.55,6.45,6.51,12608827.0,SIRI
2021-06-29,6.52,6.6,6.5,6.55,13029439.0,SIRI
2021-06-30,6.58,6.58,6.48,6.54,16184370.0,SIRI
2021-07-01,6.57,6.62,6.52,6.57,10863853.0,SIRI
2021-07-02,6.61,6.63,6.53,6.63,13143358.0,SIRI
2021-07-06,6.638,6.66,6.49,6.54,13416624.0,SIRI
2021-07-07,6.58,6.63,6.53,6.57,10189563.0,SIRI
2021-07-08,6.48,6.55,6.41,6.46,9302625.0,SIRI
2021-07-09,6.46,6.59,6.445,6.56,7405381.0,SIRI
2021-07-12,6.55,6.55,6.45,6.52,7852593.0,SIRI
2021-07-13,6.53,6.565,6.44,6.45,8889366.0,SIRI
2021-07-14,6.49,6.55,6.46,6.5,18100502.0,SIRI
2021-07-15,6.48,6.53,6.39,6.44,13096659.0,SIRI
2021-07-16,6.47,6.51,6.38,6.39,14742769.0,SIRI
2021-07-19,6.39,6.43,6.3029,6.34,17509517.0,SIRI
2021-07-20,6.3619,6.59,6.3619,6.53,18169471.0,SIRI
2021-07-21,6.52,6.64,6.52,6.55,11155678.0,SIRI
2021-07-22,6.56,6.56,6.43,6.48,10737507.0,SIRI
2021-07-23,6.49,6.515,6.39,6.43,20329310.0,SIRI
2021-07-26,6.45,6.45,6.28,6.38,25442869.0,SIRI
2021-07-27,6.67,6.82,6.59,6.71,42086859.0,SIRI
2021-07-28,6.64,6.7,6.46,6.48,33788737.0,SIRI
2021-07-29,6.57,6.6,6.48,6.49,13563525.0,SIRI
2021-07-30,6.45,6.51,6.42,6.47,16151771.0,SIRI
2021-08-02,6.49,6.51,6.42,6.49,9518928.0,SIRI
2021-08-03,6.51,6.51,6.38,6.45,12048566.0,SIRI
2021-08-04,6.44,6.49,6.39,6.43,12830414.0,SIRI
2021-08-05,6.43,6.53,6.41,6.51,14163573.0,SIRI
2021-08-06,6.49,6.55,6.48,6.5,14137286.0,SIRI
2021-08-09,6.4807,6.49,6.225,6.25,33997302.0,SIRI
2021-08-10,6.26,6.28,6.095,6.16,32089765.0,SIRI
2021-08-11,6.2,6.215,6.07,6.14,20226681.0,SIRI
2021-08-12,6.12,6.14,6.02,6.03,19243189.0,SIRI
2021-08-13,6.08,6.11,6.0,6.03,22492323.0,SIRI
2021-08-16,6.01,6.08,6.01,6.07,17662527.0,SIRI
2021-08-17,6.06,6.14,6.035,6.12,15237367.0,SIRI
2021-08-18,6.12,6.2,6.09,6.14,14557299.0,SIRI
2021-08-19,6.145,6.2,6.11,6.17,15471002.0,SIRI
2021-08-20,6.17,6.305,6.15,6.3,15995633.0,SIRI
2021-08-23,6.28,6.32,6.21,6.24,15616809.0,SIRI
2021-08-24,6.2219,6.33,6.2,6.31,9934349.0,SIRI
2021-08-25,6.33,6.38,6.29,6.31,10760333.0,SIRI
2021-08-26,6.29,6.29,6.19,6.2,10639880.0,SIRI
2021-08-27,6.19,6.31,6.175,6.25,12281424.0,SIRI
2021-08-30,6.25,6.3,6.21,6.27,12125280.0,SIRI
2021-08-31,6.29,6.35,6.235,6.27,20571218.0,SIRI
2021-09-01,6.28,6.335,6.255,6.31,10466289.0,SIRI
2021-09-02,6.34,6.38,6.315,6.37,10705983.0,SIRI
2021-09-03,6.36,6.3699,6.3,6.33,12293068.0,SIRI
2021-09-07,6.3,6.32,6.15,6.16,14031922.0,SIRI
2021-09-08,6.16,6.2,6.115,6.15,11572168.0,SIRI
2021-09-09,6.17,6.21,6.06,6.07,14251461.0,SIRI
2021-09-10,6.07,6.095,6.0,6.0,11848155.0,SIRI
2021-09-13,6.02,6.1399,6.0,6.05,16554012.0,SIRI
2021-09-14,6.07,6.11,5.99,6.03,16999567.0,SIRI
2021-09-15,6.02,6.08,6.0,6.04,14085366.0,SIRI
2021-09-16,6.04,6.12,6.01,6.07,12516613.0,SIRI
2021-09-17,6.09,6.14,6.04,6.08,38407968.0,SIRI
2021-09-20,6.09,6.11,5.95,6.0,17255665.0,SIRI
2021-09-21,6.04,6.06,5.96,5.98,14489593.0,SIRI
2021-09-22,5.99,6.06,5.96,6.0,19188497.0,SIRI
2021-09-23,6.0169,6.085,6.0,6.04,13920538.0,SIRI
2021-09-24,6.02,6.09,6.02,6.06,9572834.0,SIRI
2021-09-27,6.05,6.14,6.045,6.11,10081530.0,SIRI
2021-09-28,6.12,6.22,6.07,6.1,16732717.0,SIRI
2021-09-29,6.11,6.2,6.09,6.1,15576547.0,SIRI
2021-09-30,6.13,6.18,6.09,6.1,18821095.0,SIRI
2021-10-01,6.12,6.16,6.03,6.12,15228001.0,SIRI
2021-10-04,6.11,6.15,6.08,6.12,15332598.0,SIRI
2021-10-05,6.1,6.22,6.09,6.18,13038737.0,SIRI
2021-10-06,6.16,6.17,6.1,6.17,11607593.0,SIRI
2021-10-07,6.19,6.295,6.18,6.29,13412562.0,SIRI
2021-10-08,6.19,6.2,6.05,6.06,22287451.0,SIRI
2021-10-11,6.06,6.075,5.93,5.96,17103699.0,SIRI
2021-10-12,5.96,6.08,5.95,6.04,16164453.0,SIRI
2021-10-13,6.1,6.115,6.0,6.0,11334710.0,SIRI
2021-10-14,6.08,6.08,6.01,6.03,15296281.0,SIRI
2021-10-15,6.025,6.06,6.0,6.02,10433951.0,SIRI
2021-10-18,6.01,6.05,5.96,6.03,10342664.0,SIRI
2021-10-19,6.05,6.08,6.0,6.02,17373270.0,SIRI
2021-10-20,6.01,6.21,6.01,6.2,22794063.0,SIRI
2021-10-21,6.2,6.23,6.08,6.11,16920448.0,SIRI
2021-10-22,6.12,6.13,6.05,6.07,14772080.0,SIRI
2021-10-25,6.05,6.08,6.01,6.04,11485195.0,SIRI
2021-10-26,6.12,6.13,6.02,6.03,15224987.0,SIRI
2021-10-27,6.04,6.06,5.94,5.96,19168625.0,SIRI
2021-10-28,6.04,6.14,6.03,6.08,21320002.0,SIRI
2021-10-29,6.06,6.11,6.05,6.09,14771560.0,SIRI
2021-11-01,6.09,6.29,6.08,6.28,17081398.0,SIRI
2021-11-02,6.28,6.3,6.23,6.29,12855582.0,SIRI
2021-11-03,6.28,6.505,6.26,6.49,24762981.0,SIRI
2021-11-04,6.48,6.65,6.38,6.39,26026243.0,SIRI
2021-11-05,6.48,6.54,6.35,6.41,21302569.0,SIRI
2021-11-08,6.42,6.48,6.3784,6.46,12090793.0,SIRI
2021-11-09,6.455,6.5,6.41,6.43,11448844.0,SIRI
2021-11-10,6.43,6.51,6.41,6.44,13769525.0,SIRI
2021-11-11,6.42,6.585,6.37,6.57,17945980.0,SIRI
2021-11-12,6.57,6.67,6.54,6.61,16527375.0,SIRI
2021-11-15,6.6,6.71,6.59,6.63,10611040.0,SIRI
2021-11-16,6.57,6.64,6.53,6.63,12368155.0,SIRI
2021-11-17,6.61,6.675,6.595,6.63,15315519.0,SIRI
2021-11-18,6.61,6.65,6.3,6.32,24323043.0,SIRI
2021-11-19,6.25,6.28,6.08,6.19,27478852.0,SIRI
2021-11-22,6.155,6.23,6.08,6.08,17503783.0,SIRI
2021-11-23,6.07,6.225,6.065,6.19,19817696.0,SIRI
2021-11-24,6.18,6.27,6.15,6.21,12680863.0,SIRI
2021-11-26,6.132,6.24,6.11,6.17,11987027.0,SIRI
2021-11-29,6.24,6.3,6.1704,6.27,14818322.0,SIRI
2021-11-30,6.27,6.2782,6.06,6.1,30802678.0,SIRI
2021-12-01,6.2,6.25,6.01,6.01,23201307.0,SIRI
2021-12-02,6.04,6.28,6.03,6.25,20696012.0,SIRI
2021-12-03,6.25,6.35,6.19,6.21,24619755.0,SIRI
2021-12-06,6.29,6.42,6.245,6.32,16399769.0,SIRI
2021-12-07,6.34,6.37,6.16,6.2,22686991.0,SIRI
2021-12-08,6.23,6.285,6.18,6.21,12732142.0,SIRI
2021-12-09,6.17,6.22,6.13,6.16,20085067.0,SIRI
2021-12-10,6.19,6.31,6.17,6.28,17425084.0,SIRI
2021-12-13,6.28,6.33,6.2525,6.29,14323097.0,SIRI
2021-12-14,6.27,6.37,6.27,6.3,17638758.0,SIRI
2021-12-15,6.29,6.4,6.28,6.38,15499717.0,SIRI
2021-12-16,6.39,6.43,6.33,6.34,14249563.0,SIRI
2021-12-17,6.34,6.45,6.32,6.38,24369045.0,SIRI
2021-12-20,6.33,6.39,6.29,6.35,12511480.0,SIRI
2021-12-21,6.42,6.46,6.35,6.41,13504484.0,SIRI
2021-12-22,6.41,6.435,6.33,6.38,13168074.0,SIRI
2021-12-23,6.41,6.45,6.39,6.43,10833233.0,SIRI
2021-12-27,6.45,6.47,6.38,6.45,13160337.0,SIRI
2021-12-28,6.45,6.52,6.39,6.41,14935729.0,SIRI
2021-12-29,6.405,6.44,6.36,6.37,10358471.0,SIRI
2021-12-30,6.37,6.46,6.35,6.42,12457685.0,SIRI
2021-12-31,6.42,6.48,6.35,6.35,16639882.0,SIRI
2022-01-03,6.325,6.4,6.29,6.36,21634330.0,SIRI
2022-01-04,6.28,6.32,6.115,6.17,35054614.0,SIRI
2022-01-05,6.17,6.26,6.14,6.15,17636506.0,SIRI
2022-01-06,6.17,6.25,6.135,6.19,17385574.0,SIRI
2022-01-07,6.22,6.29,6.18,6.2,15806279.0,SIRI
2022-01-10,6.19,6.27,6.17,6.26,16341827.0,SIRI
2022-01-11,6.23,6.34,6.22,6.32,14789050.0,SIRI
2022-01-12,6.34,6.38,6.28,6.33,12338104.0,SIRI
2022-01-13,6.33,6.41,6.3,6.36,14997171.0,SIRI
2022-01-14,6.19,6.23,6.09,6.18,27871290.0,SIRI
2022-01-18,6.13,6.18,6.09,6.11,16530622.0,SIRI
2022-01-19,6.125,6.17,6.055,6.1,15226698.0,SIRI
2022-01-20,6.1,6.19,6.03,6.04,13328501.0,SIRI
2022-01-21,6.06,6.1,6.0,6.01,20210882.0,SIRI
2022-01-24,6.0,6.115,5.92,6.05,26421967.0,SIRI
2022-01-25,5.98,6.1,5.93,6.06,25175670.0,SIRI
2022-01-26,6.0,6.11,5.931,5.98,20876192.0,SIRI
2022-01-27,5.98,6.23,5.98,6.13,28641169.0,SIRI
2022-01-28,6.1,6.22,6.04,6.19,21657316.0,SIRI
2022-01-31,6.18,6.38,6.18,6.36,40167181.0,SIRI
2022-02-01,6.43,6.82,6.38,6.76,51060388.0,SIRI
2022-02-02,6.63,6.75,6.6,6.68,29049329.0,SIRI
2022-02-03,6.65,6.73,6.63,6.67,20078512.0,SIRI
2022-02-04,6.59,6.79,6.57,6.78,21442968.0,SIRI
2022-02-07,6.78,6.84,6.715,6.74,10154731.0,SIRI
2022-02-08,6.75,6.88,6.71,6.8,11598958.0,SIRI
2022-02-09,6.8,6.87,6.8,6.86,15106971.0,SIRI
2022-02-10,6.55,6.58,6.3,6.33,33557742.0,SIRI
2022-02-11,6.3246,6.3599,6.2,6.22,29281314.0,SIRI
2022-02-14,6.25,6.305,6.125,6.17,19606313.0,SIRI
2022-02-15,6.2,6.24,6.13,6.2,20676565.0,SIRI
2022-02-16,6.15,6.2,6.13,6.17,20395489.0,SIRI
2022-02-17,6.11,6.13,6.0,6.03,22369893.0,SIRI
2022-02-18,6.03,6.11,5.975,6.03,23067268.0,SIRI
2022-02-22,6.04,6.13,6.01,6.02,19459126.0,SIRI
2022-02-23,6.04,6.05,5.95,5.97,24118962.0,SIRI
2022-02-24,5.94,6.08,5.89,6.06,26042872.0,SIRI
2022-02-25,6.15,6.21,6.105,6.16,19506310.0,SIRI
2022-02-28,6.13,6.2,6.07,6.16,16925985.0,SIRI
2022-03-01,6.12,6.17,6.06,6.08,19783244.0,SIRI
2022-03-02,6.08,6.195,6.07,6.15,14252671.0,SIRI
2022-03-03,6.19,6.21,6.12,6.18,13274915.0,SIRI
2022-03-04,6.16,6.23,6.12,6.17,19632984.0,SIRI
2022-03-07,6.14,6.435,6.02,6.38,53780775.0,SIRI
2022-03-08,6.35,6.57,6.323,6.38,49193736.0,SIRI
2022-03-09,6.435,6.435,6.1901,6.22,29496325.0,SIRI
2022-03-10,6.18,6.27,6.13,6.22,25034845.0,SIRI
2022-03-11,6.2,6.3,6.17,6.19,21245836.0,SIRI
2022-03-14,6.17,6.22,6.12,6.16,16612843.0,SIRI
2022-03-15,6.2,6.285,6.17,6.24,16841422.0,SIRI
2022-03-16,6.25,6.3,6.09,6.21,27426216.0,SIRI
2022-03-17,6.19,6.26,6.11,6.25,18151000.0,SIRI
2022-03-18,6.19,6.33,6.17,6.33,30903038.0,SIRI
2022-03-21,6.25,6.32,6.2,6.29,18122345.0,SIRI
2022-03-22,6.31,6.42,6.27,6.41,20559604.0,SIRI
2022-03-23,6.39,6.5,6.39,6.4,19492780.0,SIRI
2022-03-24,6.43,6.51,6.385,6.5,13302043.0,SIRI
2022-03-25,6.5,6.59,6.48,6.56,14575161.0,SIRI
2022-03-28,6.53,6.62,6.5,6.6,14573804.0,SIRI
2022-03-29,6.59,6.67,6.56,6.62,27090947.0,SIRI
2022-03-30,6.61,6.7,6.58,6.64,22976763.0,SIRI
2022-03-31,6.69,6.7756,6.61,6.62,17598663.0,SIRI
2022-04-01,6.65,6.68,6.55,6.59,12373407.0,SIRI
2022-04-04,6.59,6.71,6.58,6.69,9897773.0,SIRI
2022-04-05,6.69,6.77,6.605,6.62,15185113.0,SIRI
2022-04-06,6.58,6.65,6.56,6.58,16894268.0,SIRI
2022-04-07,6.58,6.6,6.46,6.56,12874660.0,SIRI
2022-04-08,6.54,6.59,6.5,6.5,12188610.0,SIRI
2022-04-11,6.5,6.6,6.4801,6.53,10357635.0,SIRI
2022-04-12,6.56,6.62,6.51,6.52,9647571.0,SIRI
2022-04-13,6.54,6.57,6.51,6.53,11926507.0,SIRI
2022-04-14,6.53,6.57,6.445,6.46,11313784.0,SIRI
2022-04-18,6.34,6.37,6.245,6.26,18694749.0,SIRI
2022-04-19,6.34,6.42,6.28,6.41,15066815.0,SIRI
2022-04-20,6.38,6.47,6.37,6.41,11007490.0,SIRI
2022-04-21,6.42,6.48,6.3,6.35,14321868.0,SIRI
2022-04-22,6.31,6.37,6.25,6.25,14126471.0,SIRI
2022-04-25,6.27,6.29,6.13,6.17,21148474.0,SIRI
2022-04-26,6.14,6.2,6.05,6.05,25732806.0,SIRI
2022-04-27,6.08,6.1,5.95,5.97,29372373.0,SIRI
2022-04-28,6.2,6.38,6.08,6.31,30921514.0,SIRI
2022-04-29,6.28,6.3,5.99,6.0,36929596.0,SIRI
2022-05-02,6.06,6.1055,5.95,6.03,24739145.0,SIRI
2022-05-03,6.05,6.145,5.98,6.08,18725179.0,SIRI
2022-05-04,6.09,6.24,6.06,6.23,19817459.0,SIRI
2022-05-05,6.18,6.2,6.1,6.13,19947210.0,SIRI
2022-05-06,6.1,6.14,6.01,6.07,20953534.0,SIRI
2022-05-09,6.02,6.13,6.0,6.05,25989694.0,SIRI
2022-05-10,6.16,6.21,6.04,6.07,30331122.0,SIRI
2022-05-11,6.04,6.14,6.0,6.02,27220032.0,SIRI
2022-05-12,6.0,6.1,5.94,5.99,25328752.0,SIRI
2022-05-13,6.0,6.17,5.96,6.14,26892493.0,SIRI
2022-05-16,6.14,6.19,6.11,6.13,13225985.0,SIRI
2022-05-17,6.18,6.225,6.13,6.21,13948642.0,SIRI
2022-05-18,6.15,6.18,6.02,6.04,22173952.0,SIRI
2022-05-19,6.01,6.14,5.99,6.09,17052356.0,SIRI
2022-05-20,6.17,6.17,6.08,6.16,19319274.0,SIRI
2022-05-23,6.195,6.28,6.18,6.23,16545170.0,SIRI
2022-05-24,6.16,6.19,6.06,6.19,16177937.0,SIRI
2022-05-25,6.23,6.24,6.16,6.2,18866024.0,SIRI
2022-05-26,6.2,6.35,6.2,6.33,15551921.0,SIRI
2022-05-27,6.34,6.41,6.33,6.38,13987541.0,SIRI
2022-05-31,6.37,6.41,6.31,6.4,25878735.0,SIRI
2022-06-01,6.41,6.41,6.25,6.31,16830691.0,SIRI
2022-06-02,6.29,6.345,6.21,6.34,14391765.0,SIRI
2022-06-03,6.28,6.32,6.2,6.27,12790620.0,SIRI
2022-06-06,6.3,6.33,6.215,6.26,11208690.0,SIRI
2022-06-07,6.3,6.3,6.18,6.29,13843448.0,SIRI
2022-06-08,6.31,6.31,6.18,6.21,14297821.0,SIRI
2022-06-09,6.23,6.3,6.145,6.15,14412608.0,SIRI
2022-06-10,6.12,6.15,6.09,6.1,17444876.0,SIRI
2022-06-13,6.06,6.08,5.91,5.92,26876686.0,SIRI
2022-06-14,5.97,6.02,5.9,5.93,18592224.0,SIRI
2022-06-15,5.99,6.09,5.95,6.01,24681754.0,SIRI
2022-06-16,6.0,6.01,5.69,5.71,33935462.0,SIRI
2022-06-17,5.75,5.87,5.6987,5.85,30506224.0,SIRI
2022-06-21,5.91,5.94,5.86,5.91,18843196.0,SIRI
2022-06-22,5.86,5.98,5.855,5.93,16162687.0,SIRI
2022-06-23,5.97,6.12,5.94,6.1,16983126.0,SIRI
2022-06-24,6.13,6.21,6.11,6.19,28753432.0,SIRI
2022-06-27,6.22,6.27,6.17,6.26,15076378.0,SIRI
2022-06-28,6.25,6.33,6.105,6.12,15943433.0,SIRI
2022-06-29,6.12,6.14,6.05,6.11,10105238.0,SIRI
2022-06-30,6.06,6.24,6.04,6.13,16225563.0,SIRI
2022-07-01,6.13,6.22,6.09,6.21,11492859.0,SIRI
2022-07-05,6.12,6.22,6.07,6.22,15114306.0,SIRI
2022-07-06,6.24,6.25,6.15,6.19,10183240.0,SIRI
2022-07-07,6.19,6.26,6.16,6.25,11978223.0,SIRI
2022-07-08,6.21,6.31,6.21,6.31,10592275.0,SIRI
2022-07-11,6.28,6.28,6.13,6.19,15530352.0,SIRI
2022-07-12,6.2,6.3,6.17,6.2,12376099.0,SIRI
2022-07-13,6.17,6.26,6.14,6.23,11068252.0,SIRI
2022-07-14,6.18,6.31,6.16,6.29,16436704.0,SIRI
2022-07-15,6.32,6.35,6.265,6.35,14170103.0,SIRI
2022-07-18,6.34,6.4,6.32,6.35,13197487.0,SIRI
2022-07-19,6.38,6.5,6.365,6.48,17405301.0,SIRI
2022-07-20,6.47,6.54,6.42,6.51,16533506.0,SIRI
2022-07-21,6.51,6.54,6.36,6.52,16122928.0,SIRI
2022-07-22,6.52,6.59,6.43,6.46,15165247.0,SIRI
2022-07-25,6.49,6.52,6.35,6.38,14194119.0,SIRI
2022-07-26,6.38,6.49,6.37,6.38,15721098.0,SIRI
2022-07-27,6.39,6.46,6.32,6.44,18387364.0,SIRI
2022-07-28,6.44,6.65,6.43,6.58,20950257.0,SIRI
2022-07-29,6.58,6.7,6.48,6.68,19209537.0,SIRI
2022-08-01,6.61,6.71,6.595,6.68,19300657.0,SIRI
2022-08-02,6.67,6.78,6.65,6.69,13402966.0,SIRI
2022-08-03,6.69,6.72,6.6401,6.72,15462596.0,SIRI
2022-08-04,6.7,6.76,6.68,6.71,12011000.0,SIRI
2022-08-05,6.61,6.685,6.56,6.58,18518980.0,SIRI
2022-08-08,6.58,6.72,6.56,6.65,12699874.0,SIRI
2022-08-09,6.64,6.74,6.57,6.71,12408258.0,SIRI
2022-08-10,6.76,6.85,6.69,6.74,16781847.0,SIRI
2022-08-11,6.73,6.85,6.7,6.73,10784105.0,SIRI
2022-08-12,6.74,6.8,6.695,6.78,8935402.0,SIRI
2022-08-15,6.73,6.775,6.7,6.77,11148976.0,SIRI
2022-08-16,6.73,6.75,6.6,6.6,12814107.0,SIRI
2022-08-17,6.55,6.59,6.48,6.52,13245101.0,SIRI
2022-08-18,6.54,6.56,6.44,6.49,13805425.0,SIRI
2022-08-19,6.45,6.465,6.35,6.4,16564811.0,SIRI
2022-08-22,6.355,6.36,6.25,6.26,14090590.0,SIRI
2022-08-23,6.24,6.335,6.23,6.28,14009608.0,SIRI
2022-08-24,6.26,6.3,6.22,6.24,7944170.0,SIRI
2022-08-25,6.24,6.32,6.235,6.27,9003082.0,SIRI
2022-08-26,6.25,6.31,6.16,6.17,16825018.0,SIRI
2022-08-29,6.15,6.21,6.1,6.12,11169669.0,SIRI
2022-08-30,6.16,6.16,6.08,6.11,15381398.0,SIRI
2022-08-31,6.18,6.19,6.06,6.09,19945816.0,SIRI
2022-09-01,6.09,6.14,6.065,6.13,16519161.0,SIRI
2022-09-02,6.15,6.18,6.07,6.07,16924722.0,SIRI
2022-09-06,6.095,6.1,5.97,6.0,20522261.0,SIRI
2022-09-07,6.03,6.19,6.01,6.18,15905988.0,SIRI
2022-09-08,6.16,6.23,6.12,6.19,12824629.0,SIRI
2022-09-09,6.19,6.28,6.17,6.27,13942331.0,SIRI
2022-09-12,6.31,6.325,6.22,6.26,11145007.0,SIRI
2022-09-13,6.15,6.16,5.97,6.01,19356844.0,SIRI
2022-09-14,6.01,6.045,5.95,6.01,17893836.0,SIRI
2022-09-15,5.99,6.025,5.92,5.94,17957532.0,SIRI
2022-09-16,5.92,5.98,5.88,5.97,35327994.0,SIRI
2022-09-19,5.97,6.03,5.94,6.02,12936035.0,SIRI
2022-09-20,5.98,6.05,5.92,6.0,14523562.0,SIRI
2022-09-21,6.04,6.05,5.9,5.91,13924546.0,SIRI
2022-09-22,5.89,5.93,5.845,5.87,11644609.0,SIRI
2022-09-23,5.875,5.89,5.79,5.81,14405840.0,SIRI
2022-09-26,5.8,5.865,5.78,5.81,14155483.0,SIRI
2022-09-27,5.88,5.94,5.82,5.82,15002500.0,SIRI
2022-09-28,5.83,5.965,5.81,5.95,15759274.0,SIRI
2022-09-29,5.9,5.905,5.73,5.78,14784954.0,SIRI
2022-09-30,5.82,5.84,5.71,5.71,13164112.0,SIRI
2022-10-03,5.75,5.89,5.71,5.86,13629819.0,SIRI
2022-10-04,5.9,6.0,5.86,5.97,18514121.0,SIRI
2022-10-05,5.9,6.0,5.855,5.97,11172769.0,SIRI
2022-10-06,5.95,5.99,5.9,5.93,10578618.0,SIRI
2022-10-07,5.9,5.925,5.85,5.87,17133006.0,SIRI
2022-10-10,5.88,5.98,5.875,5.93,11915639.0,SIRI
2022-10-11,5.9,6.0,5.88,5.97,17046649.0,SIRI
2022-10-12,5.98,6.02,5.95,5.96,11984450.0,SIRI
2022-10-13,5.905,6.17,5.89,6.14,21103797.0,SIRI
2022-10-14,6.18,6.215,6.045,6.05,15282481.0,SIRI
2022-10-17,6.13,6.22,6.12,6.19,18197561.0,SIRI
2022-10-18,6.24,6.345,6.18,6.23,14177126.0,SIRI
2022-10-19,6.15,6.22,6.08,6.14,11332659.0,SIRI
2022-10-20,6.11,6.37,6.09,6.1,12450939.0,SIRI
2022-10-21,6.1,6.21,6.085,6.19,13159230.0,SIRI
2022-10-24,6.23,6.27,6.15,6.23,11052506.0,SIRI
2022-10-25,6.24,6.31,6.23,6.28,14248865.0,SIRI
2022-10-26,6.32,6.395,6.22,6.23,16580458.0,SIRI
2022-10-27,6.21,6.27,6.1,6.11,16074529.0,SIRI
2022-10-28,6.17,6.21,6.07,6.17,12844073.0,SIRI
2022-10-31,6.175,6.175,6.03,6.04,27003227.0,SIRI
2022-11-01,6.12,6.24,6.055,6.06,16792939.0,SIRI
2022-11-02,6.09,6.24,6.0184,6.07,23580294.0,SIRI
2022-11-03,6.04,6.12,6.0,6.09,18926094.0,SIRI
2022-11-04,6.14,6.19,6.075,6.16,17429031.0,SIRI
2022-11-07,6.18,6.28,6.18,6.28,16165832.0,SIRI
2022-11-08,6.3,6.39,6.27,6.36,15374727.0,SIRI
2022-11-09,6.32,6.39,6.26,6.32,12917807.0,SIRI
2022-11-10,6.38,6.47,6.33,6.41,19421189.0,SIRI
2022-11-11,6.4,6.45,6.32,6.44,15178089.0,SIRI
2022-11-14,6.445,6.48,6.41,6.42,15398268.0,SIRI
2022-11-15,6.45,6.5,6.41,6.47,17379031.0,SIRI
2022-11-16,6.49,6.515,6.42,6.48,16814875.0,SIRI
2022-11-17,6.38,6.49,6.28,6.36,19702611.0,SIRI
2022-11-18,6.37,6.42,6.27,6.39,13705016.0,SIRI
2022-11-21,6.41,6.48,6.38,6.43,13781131.0,SIRI
2022-11-22,6.45,6.5,6.41,6.49,8548193.0,SIRI
2022-11-23,6.46,6.54,6.4462,6.5,10046106.0,SIRI
2022-11-25,6.45,6.8,6.45,6.49,3838109.0,SIRI
2022-11-28,6.475,6.51,6.375,6.38,10771057.0,SIRI
2022-11-29,6.37,6.43,6.35,6.41,11000899.0,SIRI
2022-11-30,6.43,6.49,6.31,6.49,22117557.0,SIRI
2022-12-01,6.36,6.535,6.35,6.41,19294193.0,SIRI
2022-12-02,6.36,6.36,6.24,6.24,15222010.0,SIRI
2022-12-05,6.18,6.21,6.145,6.18,14386891.0,SIRI
2022-12-06,6.205,6.23,6.12,6.15,12915399.0,SIRI
2022-12-07,6.11,6.215,6.1,6.2,12467653.0,SIRI
2022-12-08,6.19,6.21,6.1125,6.16,11545980.0,SIRI
2022-12-09,6.17,6.17,6.09,6.11,8435274.0,SIRI
2022-12-12,6.09,6.17,6.05,6.15,9467411.0,SIRI
2022-12-13,6.25,6.26,6.14,6.16,15129659.0,SIRI
2022-12-14,6.115,6.21,6.07,6.12,13779789.0,SIRI
2022-12-15,6.09,6.105,5.97,5.97,16724325.0,SIRI
2022-12-16,5.91,5.99,5.91,5.96,33316680.0,SIRI
2022-12-19,6.0,6.01,5.88,5.9,11987395.0,SIRI
2022-12-20,5.91,5.925,5.85,5.87,8822697.0,SIRI
2022-12-21,5.92,5.925,5.84,5.9,12282055.0,SIRI
2022-12-22,5.85,5.87,5.76,5.81,17851695.0,SIRI
2022-12-23,5.83,5.88,5.8,5.84,9712833.0,SIRI
2022-12-27,5.88,5.91,5.77,5.78,8266278.0,SIRI
2022-12-28,5.78,5.84,5.73,5.73,12254565.0,SIRI
2022-12-29,5.79,5.86,5.78,5.82,11556838.0,SIRI
2022-12-30,5.8,5.84,5.76,5.84,9834923.0,SIRI
2023-01-03,5.84,5.86,5.72,5.79,16513668.0,SIRI
2023-01-04,5.85,5.92,5.83,5.86,18321776.0,SIRI
2023-01-05,5.85,5.87,5.79,5.83,11576096.0,SIRI
2023-01-06,5.89,5.99,5.87,5.99,11929785.0,SIRI
2023-01-09,5.935,5.96,5.89,5.91,9848430.0,SIRI
2023-01-10,5.88,5.93,5.86,5.91,8439036.0,SIRI
2023-01-11,5.94,6.0,5.905,6.0,9102702.0,SIRI
2023-01-12,5.97,6.0,5.9,5.96,10547370.0,SIRI
2023-01-13,5.94,5.96,5.89,5.96,8347917.0,SIRI
2023-01-17,5.95,6.0,5.92,5.98,8287241.0,SIRI
2023-01-18,5.985,5.99,5.83,5.84,18282685.0,SIRI
2023-01-19,5.82,5.84,5.78,5.79,12454973.0,SIRI
2023-01-20,5.78,5.86,5.77,5.84,11807231.0,SIRI
2023-01-23,5.84,5.91,5.83,5.88,11811267.0,SIRI
2023-01-24,5.88,5.88,5.76,5.79,12954947.0,SIRI
2023-01-25,5.79,5.93,5.75,5.91,16116906.0,SIRI
2023-01-26,5.92,5.94,5.875,5.9,16072000.0,SIRI
2023-01-27,5.88,5.95,5.835,5.92,10856762.0,SIRI
2023-01-30,5.87,5.91,5.86,5.87,9961106.0,SIRI
2023-01-31,5.9,5.91,5.73,5.79,29974622.0,SIRI
2023-02-01,5.77,5.89,5.7595,5.86,17869136.0,SIRI
2023-02-02,5.62,5.67,5.26,5.3,48134678.0,SIRI
2023-02-03,5.36,5.39,5.21,5.215,25840599.0,SIRI
2023-02-06,5.2,5.21,4.97,4.99,29559014.0,SIRI
2023-02-07,4.99,5.09,4.95,5.06,25446183.0,SIRI
2023-02-08,5.035,5.06,4.97,5.0,16648973.0,SIRI
2023-02-09,5.01,5.08,4.76,4.78,17460010.0,SIRI
2023-02-10,4.73,4.7801,4.68,4.72,19070426.0,SIRI
2023-02-13,4.71,4.74,4.68,4.71,14205621.0,SIRI
2023-02-14,4.68,4.7,4.6,4.65,14380494.0,SIRI
2023-02-15,4.61,4.71,4.59,4.69,17762452.0,SIRI
2023-02-16,4.68,4.71,4.6,4.61,21546482.0,SIRI
2023-02-17,4.6,4.635,4.55,4.6,17417345.0,SIRI
2023-02-21,4.56,4.58,4.45,4.45,12186507.0,SIRI
2023-02-22,4.46,4.48,4.395,4.4,13720579.0,SIRI
2023-02-23,4.395,4.41,4.34,4.39,14177739.0,SIRI
2023-02-24,4.38,4.425,4.32,4.39,15186563.0,SIRI
2023-02-27,4.41,4.46,4.4,4.46,11741752.0,SIRI
2023-02-28,4.47,4.47,4.37,4.39,14911791.0,SIRI
2023-03-01,4.39,4.39,4.22,4.27,14731037.0,SIRI
2023-03-02,4.25,4.31,4.215,4.3,11868381.0,SIRI
2023-03-03,4.28,4.31,4.24,4.25,14411557.0,SIRI
2023-03-06,4.22,4.33,4.2,4.3,17895304.0,SIRI
2023-03-07,4.26,4.285,4.04,4.06,21534675.0,SIRI
2023-03-08,4.07,4.08,3.83,3.86,35286478.0,SIRI
2023-03-09,3.86,3.89,3.77,3.8,18992402.0,SIRI
2023-03-10,3.8,3.8,3.64,3.67,21706711.0,SIRI
2023-03-13,3.67,3.785,3.62,3.63,25499911.0,SIRI
2023-03-14,3.65,3.67,3.49,3.51,17727692.0,SIRI
2023-03-15,3.44,3.66,3.43,3.64,21393274.0,SIRI
2023-03-16,3.61,3.64,3.56,3.61,19811964.0,SIRI
2023-03-17,3.6,3.66,3.6,3.64,27310558.0,SIRI
2023-03-20,3.64,3.735,3.625,3.71,14919868.0,SIRI
2023-03-21,3.73,3.81,3.71,3.8,16238537.0,SIRI
2023-03-22,3.78,3.81,3.66,3.68,17610226.0,SIRI
2023-03-23,3.69,3.7,3.57,3.61,18371894.0,SIRI
2023-03-24,3.59,3.78,3.55,3.77,22122574.0,SIRI
2023-03-27,3.79,3.86,3.715,3.75,21096976.0,SIRI
2023-03-28,3.73,3.86,3.72,3.84,16850759.0,SIRI
2023-03-29,3.865,3.9257,3.84,3.9,14863628.0,SIRI
2023-03-30,3.91,3.99,3.9,3.96,14892702.0,SIRI
2023-03-31,3.93,4.02,3.91,3.97,15473921.0,SIRI
2023-04-03,3.97,4.0,3.93,3.96,10716244.0,SIRI
2023-04-04,3.93,3.955,3.805,3.84,16266841.0,SIRI
2023-04-05,3.785,3.98,3.74,3.96,19557054.0,SIRI
2023-04-06,3.94,4.02,3.92,3.99,9720959.0,SIRI
2023-04-10,3.97,4.13,3.97,4.08,14374507.0,SIRI
2023-04-11,4.08,4.14,4.05,4.06,11066520.0,SIRI
2023-04-12,4.075,4.13,3.97,3.98,14255729.0,SIRI
2023-04-13,3.98,4.065,3.965,4.05,12356957.0,SIRI
2023-04-14,4.04,4.06,3.94,3.96,10136047.0,SIRI
2023-04-17,3.98,4.03,3.93,3.99,12235284.0,SIRI
2023-04-18,4.0,4.0,3.815,3.88,18512833.0,SIRI
2023-04-19,3.84,3.97,3.84,3.93,8142306.0,SIRI
2023-04-20,3.9,3.93,3.78,3.8,17350571.0,SIRI
2023-04-21,3.8,3.86,3.78,3.84,10184220.0,SIRI
2023-04-24,3.82,3.84,3.75,3.78,9878008.0,SIRI
2023-04-25,3.8,3.8,3.675,3.69,16009597.0,SIRI
2023-04-26,3.65,3.72,3.62,3.65,13024814.0,SIRI
2023-04-27,3.53,3.765,3.32,3.7,32907438.0,SIRI
2023-04-28,3.71,3.85,3.69,3.8,18672960.0,SIRI
2023-05-01,3.8,3.86,3.76,3.78,14013182.0,SIRI
2023-05-02,3.78,3.78,3.65,3.68,13888028.0,SIRI
2023-05-03,3.69,3.76,3.675,3.69,15178946.0,SIRI
2023-05-04,3.68,3.68,3.55,3.59,11336098.0,SIRI
2023-05-05,3.61,3.74,3.6,3.73,13391014.0,SIRI
2023-05-08,3.73,3.755,3.57,3.6,20685548.0,SIRI
2023-05-09,3.57,3.6,3.41,3.42,25465107.0,SIRI
2023-05-10,3.45,3.48,3.35,3.42,16180862.0,SIRI
2023-05-11,3.38,3.65,3.38,3.62,20588986.0,SIRI
2023-05-12,3.65,3.66,3.46,3.55,15774461.0,SIRI
2023-05-15,3.55,3.61,3.52,3.59,9319781.0,SIRI
2023-05-16,3.59,3.63,3.54,3.54,12440493.0,SIRI
2023-05-17,3.55,3.69,3.51,3.63,17020438.0,SIRI
2023-05-18,3.6,3.645,3.52,3.63,13752669.0,SIRI
2023-05-19,3.65,3.67,3.5,3.53,13362819.0,SIRI
2023-05-22,3.55,3.58,3.505,3.55,12426645.0,SIRI
2023-05-23,3.54,3.6,3.5,3.53,16868551.0,SIRI
2023-05-24,3.53,3.54,3.47,3.53,13017199.0,SIRI
2023-05-25,3.48,3.52,3.45,3.49,10179283.0,SIRI
2023-05-26,3.48,3.56,3.45,3.53,13610831.0,SIRI
2023-05-30,3.53,3.61,3.52,3.6,12567692.0,SIRI
2023-05-31,3.59,3.63,3.56,3.56,24169376.0,SIRI
2023-06-01,3.59,3.76,3.48,3.7,23897640.0,SIRI
2023-06-02,3.71,3.74,3.55,3.58,16895186.0,SIRI
2023-06-05,3.58,3.69,3.57,3.6,16651197.0,SIRI
2023-06-06,3.62,3.739,3.59,3.73,12731200.0,SIRI
2023-06-07,3.74,3.89,3.71,3.86,21234913.0,SIRI
2023-06-08,3.88,3.92,3.77,3.88,14963025.0,SIRI
2023-06-09,3.885,3.89,3.79,3.81,13141920.0,SIRI
2023-06-12,3.79,3.82,3.67,3.79,14185775.0,SIRI
2023-06-13,3.81,3.85,3.78,3.83,11525933.0,SIRI
2023-06-14,3.83,3.91,3.76,3.77,18443346.0,SIRI
2023-06-15,3.79,3.84,3.7525,3.83,10964996.0,SIRI
2023-06-16,3.91,3.98,3.79,3.94,57973906.0,SIRI
2023-06-20,3.95,3.9699,3.7,3.75,26958627.0,SIRI
2023-06-21,3.77,3.77,3.65,3.66,14578999.0,SIRI
2023-06-22,3.67,3.78,3.65,3.75,18712243.0,SIRI
2023-06-23,3.7,3.85,3.65,3.83,23944828.0,SIRI
2023-06-26,3.83,3.95,3.8,3.91,10995986.0,SIRI
2023-06-27,3.92,4.32,3.89,4.09,39288262.0,SIRI
2023-06-28,4.14,4.29,4.105,4.27,21406185.0,SIRI
2023-06-29,4.3,4.33,4.16,4.33,15686846.0,SIRI
2023-06-30,4.37,4.55,4.32,4.53,17133658.0,SIRI
2023-07-03,4.56,4.645,4.51,4.63,11365754.0,SIRI
2023-07-05,4.6,4.61,4.45,4.56,14323752.0,SIRI
2023-07-06,4.52,4.53,4.4,4.44,11985593.0,SIRI
2023-07-07,4.44,4.5,4.41,4.45,11730899.0,SIRI
2023-07-10,4.5,4.67,4.45,4.61,17402009.0,SIRI
2023-07-11,4.625,4.795,4.61,4.78,16910766.0,SIRI
2023-07-12,4.82,4.86,4.73,4.81,14071182.0,SIRI
2023-07-13,4.8,4.92,4.78,4.89,9727234.0,SIRI
2023-07-14,4.84,4.85,4.72,4.75,15179282.0,SIRI
2023-07-17,4.71,4.96,4.65,4.94,14774554.0,SIRI
2023-07-18,4.94,5.365,4.92,5.29,30128298.0,SIRI
2023-07-19,5.29,5.56,5.27,5.49,30894366.0,SIRI
2023-07-20,5.47,7.95,5.43,7.81,127968465.0,SIRI
2023-07-21,6.99,7.39,6.57,7.08,133016359.0,SIRI
2023-07-24,6.77,6.94,5.98,6.0,39162934.0,SIRI
2023-07-25,5.96,5.98,5.07,5.13,44713771.0,SIRI
2023-07-26,5.12,5.3,4.88,4.89,31869941.0,SIRI
2023-07-27,4.96,5.025,4.7,4.81,21181899.0,SIRI
2023-07-28,4.85,5.155,4.8,5.11,19854159.0,SIRI
2023-07-31,5.21,5.39,5.07,5.1,24200729.0,SIRI
2023-08-01,5.32,5.65,4.86,4.98,24534838.0,SIRI
2023-08-02,5.03,5.125,4.82,4.96,20117077.0,SIRI
2023-08-03,4.92,5.06,4.92,4.98,10726314.0,SIRI
2023-08-04,5.02,5.03,4.69,4.83,19512718.0,SIRI
2023-08-07,4.82,4.86,4.72,4.81,10602260.0,SIRI
2023-08-08,4.72,4.83,4.61,4.82,13513994.0,SIRI
2023-08-09,4.79,4.905,4.78,4.88,13107375.0,SIRI
2023-08-10,5.0,5.18,4.82,4.84,17793033.0,SIRI
2023-08-11,4.79,4.88,4.73,4.75,8315382.0,SIRI
2023-08-14,4.72,4.815,4.67,4.7,7987007.0,SIRI
2023-08-15,4.65,4.75,4.61,4.71,8703700.0,SIRI
2023-08-16,4.7,4.74,4.62,4.62,9106642.0,SIRI
2023-08-17,4.62,4.66,4.49,4.5,11623900.0,SIRI
2023-08-18,4.5,4.61,4.46,4.49,10640009.0,SIRI
2023-08-21,4.42,4.5,4.38,4.4,11450631.0,SIRI
2023-08-22,4.47,4.51,4.23,4.27,16654264.0,SIRI
2023-08-23,4.27,4.28,4.11,4.13,16915328.0,SIRI
2023-08-24,4.1,4.21,3.99,4.01,13515136.0,SIRI
2023-08-25,4.01,4.13,4.01,4.04,8886655.0,SIRI
2023-08-28,4.08,4.14,4.04,4.1,8598555.0,SIRI
2023-08-29,4.12,4.33,4.11,4.28,11030877.0,SIRI
2023-08-30,4.45,4.6,4.43,4.58,17284661.0,SIRI
2023-08-31,4.61,4.61,4.39,4.4,15289998.0,SIRI
2023-09-01,4.45,4.53,4.42,4.5,10330245.0,SIRI
2023-09-05,4.48,4.51,4.26,4.28,12481724.0,SIRI
2023-09-06,4.27,4.355,4.23,4.29,8371683.0,SIRI
2023-09-07,4.29,4.33,4.13,4.21,11420006.0,SIRI
2023-09-08,4.24,4.27,4.17,4.26,15167661.0,SIRI
2023-09-11,4.24,4.36,4.21,4.23,10397229.0,SIRI
2023-09-12,4.17,4.3,4.15,4.28,11705208.0,SIRI
2023-09-13,4.27,4.31,4.15,4.15,12687046.0,SIRI
2023-09-14,4.18,4.35,4.18,4.32,18053561.0,SIRI
2023-09-15,4.34,4.345,3.93,3.99,81818507.0,SIRI
2023-09-18,4.02,4.19,4.01,4.1,20817923.0,SIRI
2023-09-19,4.07,4.18,4.07,4.18,10247806.0,SIRI
2023-09-20,4.21,4.25,4.11,4.12,9004823.0,SIRI
2023-09-21,4.12,4.15,4.055,4.1,11645049.0,SIRI
2023-09-22,4.13,4.17,4.01,4.03,9280740.0,SIRI
2023-09-25,4.0,4.055,3.97,4.01,9650543.0,SIRI
2023-09-26,3.65,4.06,3.48,3.88,64501235.0,SIRI
2023-09-27,3.94,4.08,3.81,4.07,29033063.0,SIRI
2023-09-28,4.16,4.92,4.0,4.68,45479603.0,SIRI
2023-09-29,4.62,4.83,4.475,4.52,22048056.0,SIRI
2023-10-02,4.48,4.55,4.28,4.31,21307058.0,SIRI
2023-10-03,4.29,4.37,4.2,4.29,13981994.0,SIRI
2023-10-04,4.36,4.49,4.3,4.45,14705926.0,SIRI
2023-10-05,4.5,4.5,4.325,4.37,12208761.0,SIRI
2023-10-06,4.34,4.42,4.28,4.32,13576081.0,SIRI
2023-10-09,4.32,4.51,4.27,4.42,9652304.0,SIRI
2023-10-10,4.46,4.485,4.425,4.47,12000763.0,SIRI
2023-10-11,4.57,4.59,4.47,4.59,8820627.0,SIRI
2023-10-12,4.61,4.625,4.465,4.59,12338791.0,SIRI
2023-10-13,4.69,4.86,4.615,4.85,18216622.0,SIRI
2023-10-16,4.85,4.89,4.74,4.84,11470018.0,SIRI
2023-10-17,4.89,4.9,4.7101,4.72,8640363.0,SIRI
2023-10-18,4.72,4.72,4.59,4.6,5761404.0,SIRI
2023-10-19,4.6,4.69,4.535,4.56,8771368.0,SIRI
2023-10-20,4.46,4.56,4.45,4.47,8385354.0,SIRI
2023-10-23,4.5,4.54,4.4,4.48,9676345.0,SIRI
2023-10-24,4.54,4.55,4.41,4.44,6453423.0,SIRI
2023-10-25,4.4,4.442,4.32,4.36,13693880.0,SIRI
2023-10-26,4.45,4.45,4.22,4.23,11514474.0,SIRI
2023-10-27,4.2,4.24,4.11,4.12,9909615.0,SIRI
2023-10-30,4.16,4.2382,4.14,4.18,13523217.0,SIRI
2023-10-31,4.26,4.4784,4.17,4.28,13351241.0,SIRI
2023-11-01,4.31,4.55,4.21,4.5,18488728.0,SIRI
2023-11-02,4.53,4.68,4.52,4.65,11910650.0,SIRI
2023-11-03,4.75,5.07,4.72,4.95,17491741.0,SIRI
2023-11-06,4.95,5.14,4.7,4.71,10162220.0,SIRI
2023-11-07,4.65,4.81,4.61,4.71,11046380.0,SIRI
2023-11-08,4.63,4.74,4.62,4.68,8540704.0,SIRI
2023-11-09,4.68,5.065,4.66,4.69,10248361.0,SIRI
2023-11-10,4.7,4.74,4.57,4.63,12892239.0,SIRI
2023-11-13,4.65,4.68,4.54,4.67,7803933.0,SIRI
2023-11-14,4.75,4.89,4.72,4.89,10685289.0,SIRI
2023-11-15,5.49,5.62,5.15,5.19,20913669.0,SIRI
2023-11-16,5.27,5.28,4.96,5.13,10190078.0,SIRI
2023-11-17,5.14,5.14,5.02,5.08,8942360.0,SIRI
2023-11-20,5.11,5.18,5.045,5.14,8996680.0,SIRI
2023-11-21,5.15,5.15,4.84,4.85,11353883.0,SIRI
2023-11-22,4.86,4.96,4.86,4.9,10061924.0,SIRI
2023-11-24,4.9,4.94,4.85,4.93,3740445.0,SIRI
2023-11-27,4.91,4.91,4.79,4.83,6668829.0,SIRI
2023-11-28,4.83,4.84,4.725,4.75,8681192.0,SIRI
2023-11-29,4.86,4.86,4.6,4.7,12022452.0,SIRI
2023-11-30,4.71,4.76,4.62,4.68,17758320.0,SIRI
2023-12-01,4.7,4.91,4.59,4.88,11258806.0,SIRI
2023-12-04,4.85,4.86,4.53,4.56,14544679.0,SIRI
2023-12-05,4.53,4.55,4.41,4.51,16016691.0,SIRI
2023-12-06,4.57,4.65,4.49,4.49,10262158.0,SIRI
2023-12-07,4.55,4.71,4.48,4.71,13968902.0,SIRI
2023-12-08,4.63,4.68,4.57,4.64,9489872.0,SIRI
2023-12-11,4.7,5.13,4.68,5.02,22146317.0,SIRI
2023-12-12,5.0,5.3,4.67,5.3,28507340.0,SIRI
2023-12-13,5.29,5.46,5.21,5.43,21829824.0,SIRI
2023-12-14,5.5,5.75,5.4,5.69,21754881.0,SIRI
2023-12-15,5.71,5.78,5.29,5.4,32868724.0,SIRI
2023-12-18,5.42,5.42,5.14,5.23,17749694.0,SIRI
2023-12-19,5.29,5.47,5.26,5.45,13730831.0,SIRI
2023-12-20,5.43,5.625,5.21,5.23,15822565.0,SIRI
2023-12-21,5.3,5.49,5.27,5.48,10321629.0,SIRI
2023-12-22,5.48,5.49,5.39,5.47,8635431.0,SIRI
2023-12-26,5.45,5.525,5.4217,5.5,7249225.0,SIRI
2023-12-27,5.49,5.57,5.44,5.48,8761744.0,SIRI
2023-12-28,5.49,5.6,5.49,5.53,7115672.0,SIRI
2023-12-29,5.52,5.52,5.42,5.47,8542902.0,SIRI
2024-01-02,5.45,5.68,5.42,5.49,15594782.0,SIRI
2024-01-03,5.49,5.52,5.365,5.44,14631859.0,SIRI
2024-01-04,5.4,5.47,5.29,5.43,8881923.0,SIRI
2024-01-05,5.41,5.55,5.37,5.46,15553629.0,SIRI
2024-01-08,5.45,5.545,5.42,5.48,13423802.0,SIRI
2024-01-09,5.43,5.46,5.35,5.4,11106395.0,SIRI
2024-01-10,5.35,5.43,5.29,5.37,12243090.0,SIRI
2024-01-11,5.36,5.365,5.15,5.24,8702744.0,SIRI
2024-01-12,5.28,5.31,5.19,5.21,8442626.0,SIRI
2024-01-16,5.18,5.23,5.08,5.17,12149155.0,SIRI
2024-01-17,5.1,5.28,5.07,5.26,18202642.0,SIRI
2024-01-18,5.2,5.37,5.19,5.36,14769613.0,SIRI
2024-01-19,5.31,5.435,5.29,5.42,15206664.0,SIRI
2024-01-22,5.41,5.49,5.365,5.42,10303437.0,SIRI
2024-01-23,5.34,5.44,5.3001,5.44,7452137.0,SIRI
2024-01-24,5.49,5.54,5.35,5.42,11657575.0,SIRI
2024-01-25,5.5,5.505,5.24,5.37,11301843.0,SIRI
2024-01-26,5.35,5.42,5.3,5.34,9492369.0,SIRI
2024-01-29,5.29,5.35,5.21,5.28,12753865.0,SIRI
2024-01-30,5.22,5.2305,5.06,5.11,15777376.0,SIRI
2024-01-31,5.12,5.26,5.04,5.09,15113589.0,SIRI
2024-02-01,5.24,5.35,5.07,5.23,14385614.0,SIRI
2024-02-02,5.12,5.18,5.045,5.17,14207236.0,SIRI
2024-02-05,5.09,5.15,5.01,5.14,9457971.0,SIRI
2024-02-06,5.18,5.18,5.06,5.11,8957123.0,SIRI
2024-02-07,5.15,5.16,5.03,5.07,9319415.0,SIRI
2024-02-08,5.09,5.09,4.97,4.99,11964244.0,SIRI
2024-02-09,5.0,5.01,4.885,4.9,15342122.0,SIRI
2024-02-12,4.9,5.05,4.8848,5.03,8645787.0,SIRI
2024-02-13,4.91,4.92,4.74,4.77,16434757.0,SIRI
2024-02-14,4.92,4.92,4.76,4.81,14366738.0,SIRI
2024-02-15,4.94,4.94,4.775,4.8,11297473.0,SIRI
2024-02-16,4.82,4.87,4.72,4.8,14436615.0,SIRI
2024-02-20,4.855,4.855,4.71,4.73,13841958.0,SIRI
2024-02-21,4.74,4.76,4.62,4.68,12146551.0,SIRI
2024-02-22,4.68,4.745,4.65,4.73,12026761.0,SIRI
2024-02-23,4.73,4.8,4.69,4.76,8289119.0,SIRI
2024-02-26,4.73,4.78,4.7,4.73,8907568.0,SIRI
2024-02-27,4.71,4.745,4.67,4.69,8907240.0,SIRI
2024-02-28,4.69,4.71,4.42,4.43,15806256.0,SIRI
2024-02-29,4.5,4.5,4.3,4.42,25011812.0,SIRI
2024-03-01,4.38,4.4,4.26,4.27,16513822.0,SIRI
2024-03-04,4.27,4.285,4.14,4.17,17222253.0,SIRI
2024-03-05,4.2,4.21,4.14,4.17,15635045.0,SIRI
2024-03-06,4.16,4.23,4.095,4.19,19702080.0,SIRI
2024-03-07,4.24,4.25,4.15,4.18,13169935.0,SIRI
2024-03-08,4.15,4.24,4.12,4.16,16137513.0,SIRI
2024-03-11,4.14,4.22,4.13,4.17,15112188.0,SIRI
2024-03-12,4.14,4.17,4.01,4.11,22425616.0,SIRI
2024-03-13,4.13,4.19,4.095,4.14,21992633.0,SIRI
2024-03-14,4.14,4.15,4.021,4.08,19913026.0,SIRI
2024-03-15,4.1,4.13,4.0325,4.05,25821966.0,SIRI
2024-03-18,4.07,4.07,4.0,4.03,11453527.0,SIRI
2024-03-19,4.0,4.03,3.96,3.99,14386320.0,SIRI
2024-03-20,3.97,3.975,3.83,3.87,20162833.0,SIRI
2024-03-21,3.91,3.93,3.87,3.88,19992287.0,SIRI
2024-03-22,3.91,3.92,3.8313,3.88,15557639.0,SIRI
2024-03-25,3.88,3.95,3.85,3.89,9185463.0,SIRI
2024-03-26,3.89,3.93,3.855,3.86,14736979.0,SIRI
2024-03-27,3.88,3.92,3.87,3.9,16707021.0,SIRI
2024-03-28,3.92,3.95,3.86,3.88,11991352.0,SIRI
2024-04-01,3.92,3.99,3.81,3.83,13226425.0,SIRI
2024-04-02,3.88,3.88,3.68,3.69,15691263.0,SIRI
2024-04-03,3.67,3.69,3.55,3.57,20404181.0,SIRI
2024-04-04,3.62,3.64,3.55,3.55,20232997.0,SIRI
2024-04-05,3.55,3.555,3.48,3.49,14056173.0,SIRI
2024-04-08,3.49,3.53,3.36,3.38,24471474.0,SIRI
2024-04-09,3.38,3.5,3.33,3.45,24015407.0,SIRI
2024-04-10,3.42,3.46,3.27,3.34,29491251.0,SIRI
2024-04-11,3.37,3.41,3.32,3.34,15521262.0,SIRI
2024-04-12,3.34,3.34,3.2,3.21,26891459.0,SIRI
2024-04-15,3.27,3.27,3.15,3.18,20173351.0,SIRI
2024-04-16,3.18,3.19,3.11,3.15,13668920.0,SIRI
2024-04-17,3.15,3.19,3.08,3.1,14261906.0,SIRI
2024-04-18,3.11,3.12,3.04,3.06,11549694.0,SIRI
2024-04-19,3.06,3.12,3.04,3.09,16963157.0,SIRI
2024-04-22,3.11,3.16,3.08,3.13,15334710.0,SIRI
2024-04-23,3.11,3.21,3.1,3.16,16273964.0,SIRI
2024-04-24,3.18,3.19,3.13,3.16,17842122.0,SIRI
2024-04-25,3.12,3.1399,2.98,3.02,31702312.0,SIRI
2024-04-26,3.0,3.035,2.97,3.02,31221366.0,SIRI
2024-04-29,3.07,3.19,3.05,3.17,22783837.0,SIRI
2024-04-30,3.1,3.15,2.92,2.94,42229442.0,SIRI
2024-05-01,2.96,3.09,2.93,3.05,27994941.0,SIRI
2024-05-02,3.08,3.12,3.02,3.05,13661215.0,SIRI
2024-05-03,3.08,3.14,3.07,3.12,15355549.0,SIRI
2024-05-06,3.15,3.188,3.12,3.18,11820842.0,SIRI
2024-05-07,3.18,3.21,3.12,3.13,10238365.0,SIRI
2024-05-08,3.12,3.12,3.06,3.08,8702117.0,SIRI
2024-05-09,3.07,3.075,3.04,3.06,9317965.0,SIRI
2024-05-10,3.1,3.105,3.01,3.03,8854404.0,SIRI
2024-05-13,3.09,3.16,3.06,3.14,16651480.0,SIRI
2024-05-14,3.15,3.275,3.14,3.17,20833551.0,SIRI
2024-05-15,3.19,3.21,3.03,3.04,23556081.0,SIRI
2024-05-16,3.06,3.07,3.02,3.05,14882618.0,SIRI
2024-05-17,3.03,3.04,3.0,3.01,17744611.0,SIRI
2024-05-20,3.01,3.02,2.96,2.99,17450550.0,SIRI
2024-05-21,2.99,3.005,2.89,2.89,24205952.0,SIRI
2024-05-22,2.9,2.9,2.79,2.8,33034733.0,SIRI
2024-05-23,2.79,2.8,2.72,2.73,33796148.0,SIRI
2024-05-24,2.74,2.76,2.7,2.75,19840776.0,SIRI
2024-05-28,2.75,2.79,2.73,2.76,17259920.0,SIRI
2024-05-29,2.75,2.76,2.71,2.74,16866450.0,SIRI
2024-05-30,2.74,2.76,2.73,2.74,19937218.0,SIRI
2024-05-31,2.735,2.93,2.72,2.82,101093349.0,SIRI
2024-06-03,2.81,2.84,2.7525,2.77,19596058.0,SIRI
2024-06-04,2.75,2.75,2.55,2.59,35783532.0,SIRI
2024-06-05,2.65,2.65,2.55,2.57,25483003.0,SIRI
2024-06-06,2.56,2.6,2.55,2.59,18331223.0,SIRI
2024-06-07,2.56,2.61,2.52,2.56,23765341.0,SIRI
2024-06-10,2.57,2.59,2.52,2.53,19427767.0,SIRI
2024-06-11,2.54,2.58,2.51,2.56,15650808.0,SIRI
2024-06-12,2.6,2.71,2.59,2.635,39950360.0,SIRI
2024-06-13,2.59,2.6,2.45,2.54,48283051.0,SIRI
2024-06-14,2.51,2.63,2.49,2.61,75254733.0,SIRI
2024-06-17,2.63,2.67,2.55,2.65,45854406.0,SIRI
2024-06-18,2.66,2.77,2.65,2.77,64476828.0,SIRI
2024-06-20,2.835,2.935,2.76,2.9,38834022.0,SIRI
2024-06-21,2.95,3.03,2.92,2.93,330664094.0,SIRI
2024-06-24,2.86,2.8851,2.66,2.69,61800901.0,SIRI
2024-06-25,2.7,2.71,2.61,2.66,43477603.0,SIRI
2024-06-26,2.65,2.73,2.63,2.7,55350549.0,SIRI
2024-06-27,2.7,2.75,2.68,2.73,33948080.0,SIRI
2024-06-28,2.75,2.86,2.74,2.83,82207184.0,SIRI
2024-07-01,2.86,2.93,2.84,2.88,63777584.0,SIRI
2024-07-02,2.91,3.12,2.89,3.1,53758959.0,SIRI
2024-07-03,3.12,3.55,3.12,3.53,74830299.0,SIRI
2024-07-05,3.51,4.16,3.5,3.71,121212809.0,SIRI
2024-07-08,3.95,3.96,3.16,3.25,62935335.0,SIRI
2024-07-09,3.25,3.44,3.12,3.43,50717216.0,SIRI
2024-07-10,3.42,3.69,3.42,3.51,41709211.0,SIRI
2024-07-11,3.52,3.7,3.45,3.61,41059963.0,SIRI
2024-07-12,3.61,3.73,3.56,3.71,26678463.0,SIRI
2024-07-15,3.67,3.92,3.555,3.89,40363932.0,SIRI
2024-07-16,3.87,4.06,3.84,3.88,42614462.0,SIRI
2024-07-17,3.8,3.91,3.64,3.8,48263918.0,SIRI
2024-07-18,3.7,3.85,3.43,3.46,33221521.0,SIRI
2024-07-19,3.43,3.4916,3.22,3.405,41679054.0,SIRI
2024-07-22,3.42,3.49,3.33,3.49,20335549.0,SIRI
2024-07-23,3.42,3.8,3.41,3.8,31615600.0,SIRI
2024-07-24,3.73,4.12,3.73,3.99,55392885.0,SIRI
2024-07-25,3.88,4.12,3.85,3.92,37347638.0,SIRI
2024-07-26,3.97,4.02,3.61,3.72,30704702.0,SIRI
2024-07-29,3.64,3.69,3.49,3.54,30526531.0,SIRI
2024-07-30,3.47,3.525,3.325,3.49,18275311.0,SIRI
2024-07-31,3.49,3.6199,3.45,3.45,25172167.0,SIRI
2024-08-01,3.49,3.51,3.17,3.23,18161153.0,SIRI
2024-08-02,3.13,3.17,3.065,3.12,16340325.0,SIRI
2024-08-05,2.88,3.075,2.86,3.01,11187885.0,SIRI
2024-08-06,3.05,3.15,2.99,3.08,12187484.0,SIRI
2024-08-07,3.1,3.17,3.045,3.11,9713973.0,SIRI
2024-08-08,3.14,3.2,3.11,3.16,9591328.0,SIRI
2024-08-09,3.13,3.16,3.075,3.14,11964708.0,SIRI
2024-08-12,3.1,3.14,2.94,2.98,10845129.0,SIRI
2024-08-13,2.98,3.035,2.97,3.0,9984981.0,SIRI
2024-08-14,2.98,3.03,2.91,2.91,9054831.0,SIRI
2024-08-15,3.13,3.27,3.01,3.02,33792381.0,SIRI
2024-08-16,3.04,3.08,2.98,2.995,19145219.0,SIRI
2024-08-19,3.02,3.05,2.94,3.04,20535682.0,SIRI
2024-08-20,3.04,3.32,3.04,3.25,26050744.0,SIRI
2024-08-21,3.48,3.64,3.26,3.27,33744794.0,SIRI
2024-08-22,3.32,3.33,3.12,3.14,19799727.0,SIRI
2024-08-23,3.19,3.25,3.1248,3.2,13164580.0,SIRI
2024-08-26,3.23,3.335,3.08,3.11,17537492.0,SIRI
2024-08-27,3.13,3.21,3.1,3.16,12336400.0,SIRI
2024-08-28,3.19,3.27,3.1,3.24,19080169.0,SIRI
2024-08-29,3.24,3.31,3.21,3.26,13006680.0,SIRI
2024-08-30,3.28,3.3,3.215,3.29,11557751.0,SIRI
2024-09-03,3.29,3.3,3.1,3.12,16002224.0,SIRI
2024-09-04,3.1,3.1399,2.91,2.93,24408480.0,SIRI
2024-09-05,2.97,2.98,2.86,2.91,14757519.0,SIRI
2024-09-06,2.89,2.9,2.71,2.73,29451825.0,SIRI
2024-09-09,2.76,2.78,2.66,2.67,42701501.0,SIRI
2024-09-10,25.25,28.11,24.43,27.38,15696906.0,SIRI
2024-09-11,27.8,29.05,26.6,28.31,11307885.0,SIRI
2024-09-12,28.27,28.27,25.325,25.52,10062191.0,SIRI
2024-09-13,25.59,25.82,24.5,24.51,8832672.0,SIRI
2024-09-16,24.45,24.51,22.73,23.64,10845300.0,SIRI
2024-09-17,23.85,24.04,22.74,23.27,9943115.0,SIRI
2024-09-18,23.91,23.97,23.14,23.27,8038600.0,SIRI
2024-09-19,23.6,24.93,23.59,24.02,8306012.0,SIRI
2024-09-20,24.0,25.61,23.92,24.95,13429075.0,SIRI
2024-09-23,25.01,26.1518,24.81,25.595,10136514.0,SIRI
2024-09-24,25.4,25.4765,23.86,24.1,8270862.0,SIRI
2024-09-25,24.01,24.22,23.64,24.12,4395909.0,SIRI
2024-09-26,24.39,24.46,23.62,24.35,4800551.0,SIRI
2024-09-27,24.54,24.9,24.05,24.38,4762858.0,SIRI
2024-09-30,24.34,24.38,23.57,23.65,4858814.0,SIRI
2024-10-01,23.59,23.7299,22.52,22.66,6369995.0,SIRI
2024-10-02,22.66,23.64,22.5,23.64,5483079.0,SIRI
2024-10-03,23.32,23.32,22.62,23.18,5469993.0,SIRI
2024-10-04,23.22,23.4,22.62,22.73,4899092.0,SIRI
2024-10-07,22.69,23.16,22.18,23.12,5175035.0,SIRI
2024-10-08,23.01,23.48,22.39,23.42,5095765.0,SIRI
2024-10-09,23.32,23.94,22.955,23.75,4897258.0,SIRI
2024-10-10,23.68,24.56,23.4,24.3,6458828.0,SIRI
2024-10-11,24.38,25.14,24.2,24.93,5439480.0,SIRI
2024-10-14,26.25,27.29,26.11,26.9,19091898.0,SIRI
2024-10-15,27.39,27.74,26.975,27.08,10797832.0,SIRI
2024-10-16,27.35,27.95,26.43,27.07,7192241.0,SIRI
2024-10-17,27.06,27.37,26.69,27.1,6218617.0,SIRI
2024-10-18,27.34,27.945,27.125,27.61,5986816.0,SIRI
2024-10-21,28.19,28.19,27.01,27.18,7362726.0,SIRI
2024-10-22,27.36,27.925,27.11,27.21,5045331.0,SIRI
2024-10-23,27.26,27.79,26.37,26.81,6125804.0,SIRI
2024-10-24,26.89,26.94,26.26,26.53,4447080.0,SIRI
2024-10-25,26.73,26.918,26.385,26.4,4805721.0,SIRI
2024-10-28,26.6,27.24,26.45,27.03,4801223.0,SIRI
2024-10-29,27.18,28.13,27.05,27.65,6509244.0,SIRI
2024-10-30,27.6,27.75,27.2,27.39,6035389.0,SIRI
2024-10-31,27.0,27.31,26.23,26.66,9389000.0,SIRI
2024-11-01,27.27,28.84,27.25,27.65,10590187.0,SIRI
2024-11-04,27.72,27.9209,25.76,25.93,9650795.0,SIRI
2024-11-05,25.75,26.39,25.6,26.34,5723927.0,SIRI
2024-11-06,26.8,27.02,26.11,26.2,5180233.0,SIRI
2024-11-07,26.4,27.0,26.1,26.12,4896756.0,SIRI
2024-11-08,26.01,26.28,25.63,26.13,3906654.0,SIRI
2024-11-11,26.175,27.795,25.9,27.44,7252561.0,SIRI
2024-11-12,27.0,27.36,26.68,27.16,6484691.0,SIRI
2024-11-13,27.3,27.4,26.42,26.5,3699025.0,SIRI
2024-11-14,26.71,27.66,26.61,27.03,5090939.0,SIRI
2024-11-15,26.81,26.84,25.615,25.8,5322509.0,SIRI
2024-11-18,25.8,25.9,25.01,25.12,4905837.0,SIRI
2024-11-19,25.01,25.58,24.75,25.17,3473400.0,SIRI
2024-11-20,25.16,25.655,24.622,25.21,3797452.0,SIRI
2024-11-21,25.13,26.04,24.64,25.77,4630707.0,SIRI
2024-11-22,25.7,26.46,25.62,26.22,3690714.0,SIRI
2024-11-25,26.65,26.86,26.08,26.7,6734692.0,SIRI
2024-11-26,26.62,26.67,26.16,26.32,3006119.0,SIRI
2024-11-27,26.45,26.98,26.31,26.62,2852702.0,SIRI
2024-11-29,26.59,27.16,26.49,26.95,1952740.0,SIRI
2024-12-02,26.97,27.67,26.475,27.51,4883548.0,SIRI
2024-12-03,27.4,27.9,26.74,27.35,5412581.0,SIRI
2024-12-04,27.4,28.07,27.09,27.78,3699895.0,SIRI
2024-12-05,27.95,28.11,27.035,27.07,3926751.0,SIRI
2024-12-06,27.35,28.32,27.21,28.31,4612195.0,SIRI
2024-12-09,28.37,29.18,28.33,28.74,4341420.0,SIRI
2024-12-10,27.15,27.84,24.801,25.22,14314155.0,SIRI
2024-12-11,25.51,26.06,24.7,25.515,7015189.0,SIRI
2024-12-12,25.45,25.66,24.8,24.81,3722449.0,SIRI
2024-12-13,24.76,24.875,23.76,24.11,5564052.0,SIRI
2024-12-16,24.1,24.19,22.64,22.64,8340871.0,SIRI
2024-12-17,22.61,22.62,21.79,22.34,11153644.0,SIRI
2024-12-18,22.47,22.645,21.46,21.51,8406103.0,SIRI
2024-12-19,21.51,21.6,20.47,20.58,10851861.0,SIRI
2024-12-20,21.15,23.2,20.97,23.08,14544182.0,SIRI
2024-12-23,23.49,23.856,23.11,23.26,5971083.0,SIRI
2024-12-24,23.3,23.69,23.05,23.4,2320597.0,SIRI
2024-12-26,23.42,23.59,23.22,23.44,3820048.0,SIRI
2024-12-27,23.46,23.475,22.89,23.13,3814082.0,SIRI
2024-12-30,23.0,23.075,22.445,22.8,5011882.0,SIRI
2024-12-31,22.94,23.12,22.46,22.8,4697479.0,SIRI
2025-01-02,22.87,22.89,22.08,22.1,5339758.0,SIRI
2025-01-03,22.17,22.51,22.05,22.36,4360195.0,SIRI
2025-01-06,22.76,23.3,22.64,23.13,6238458.0,SIRI
2025-01-07,23.3,23.645,22.91,23.1,5239414.0,SIRI
2025-01-08,22.71,22.72,21.54,21.55,8419267.0,SIRI
2025-01-10,21.5,21.5743,20.82,20.825,6550887.0,SIRI
2025-01-13,20.79,21.25,20.5752,20.9,5229142.0,SIRI
2025-01-14,21.2,21.52,20.94,21.31,3544050.0,SIRI
2025-01-15,21.72,22.1,21.55,21.56,3209881.0,SIRI
2025-01-16,21.48,21.97,21.4,21.93,3380672.0,SIRI
2025-01-17,22.13,22.3,21.88,22.27,4156789.0,SIRI
2025-01-21,22.48,22.8,22.1301,22.19,3571952.0,SIRI
2025-01-22,22.21,22.39,21.815,22.1,4249222.0,SIRI
2025-01-23,22.12,22.2221,21.815,22.13,4312565.0,SIRI
2025-01-24,22.15,22.25,21.8048,21.96,3889683.0,SIRI
2025-01-27,21.68,22.07,21.45,21.89,4682240.0,SIRI
2025-01-28,21.91,22.175,21.71,22.06,4031728.0,SIRI
2025-01-29,22.0,22.32,21.655,21.84,6166658.0,SIRI
2025-01-30,21.99,23.46,21.99,23.11,12564543.0,SIRI
2025-01-31,23.27,24.14,23.13,24.01,10841358.0,SIRI
2025-02-03,23.39,24.23,22.87,24.0,8417268.0,SIRI
2025-02-04,24.82,24.832,24.06,24.62,10058131.0,SIRI
2025-02-05,24.82,25.83,24.46,25.79,8692419.0,SIRI
2025-02-06,26.0,26.3264,25.48,25.91,8119228.0,SIRI
2025-02-07,25.84,25.84,25.09,25.44,5654397.0,SIRI
2025-02-10,25.59,26.58,25.27,25.855,5584244.0,SIRI
2025-02-11,25.5,26.21,25.09,25.94,5073663.0,SIRI
2025-02-12,25.65,26.12,25.3555,25.81,4493477.0,SIRI
2025-02-13,25.86,26.739,25.695,26.44,4955830.0,SIRI
2025-02-14,26.67,27.16,26.5502,27.11,5031728.0,SIRI
2025-02-18,27.38,27.41,26.39,26.52,5348692.0,SIRI
2025-02-19,26.14,26.14,24.97,25.2,6151932.0,SIRI
2025-02-20,25.25,25.74,25.11,25.19,3555711.0,SIRI
2025-02-21,25.32,25.37,24.515,24.75,4939027.0,SIRI
2025-02-24,24.92,25.67,24.84,25.0,4153296.0,SIRI
2025-02-25,25.02,25.2648,24.26,24.51,4112906.0,SIRI
2025-02-26,24.55,24.675,23.935,24.13,3615998.0,SIRI
2025-02-27,24.15,24.53,23.81,23.92,3276613.0,SIRI
2025-02-28,23.73,24.53,23.58,24.19,3847487.0,SIRI
2025-03-03,24.31,24.68,23.88,24.04,3818659.0,SIRI
2025-03-04,23.55,24.1,23.09,23.65,4257241.0,SIRI
2025-03-05,24.0,24.0,22.92,23.23,5263826.0,SIRI
2025-03-06,23.0,24.13,22.96,23.75,5662855.0,SIRI
2025-03-07,23.62,25.355,23.59,25.23,6599414.0,SIRI
2025-03-10,24.8,24.99,24.26,24.39,4993935.0,SIRI
2025-03-11,24.36,24.38,21.945,22.7,11083092.0,SIRI
2025-03-12,22.91,23.045,22.22,22.52,4200857.0,SIRI
2025-03-13,22.49,22.78,21.66,21.83,5331668.0,SIRI
2025-03-14,22.15,22.69,22.085,22.67,3975159.0,SIRI
2025-03-17,22.61,23.2573,22.61,23.05,3789210.0,SIRI
2025-03-18,22.87,22.9589,22.45,22.63,2898397.0,SIRI
2025-03-19,22.78,23.32,22.68,23.08,3021677.0,SIRI
2025-03-20,22.91,23.44,22.9,23.04,3291431.0,SIRI
2025-03-21,22.91,23.53,22.83,23.47,8210552.0,SIRI
2025-03-24,23.59,24.315,23.48,23.95,3679489.0,SIRI
2025-03-25,24.04,24.4,23.96,24.24,2510251.0,SIRI
2025-03-26,24.09,24.33,23.75,23.95,3485458.0,SIRI
2025-03-27,23.89,24.09,23.38,23.82,3634764.0,SIRI
2025-03-28,23.9,23.9,22.455,22.75,5751308.0,SIRI
2025-03-31,22.49,22.71,22.04,22.545,4643815.0,SIRI
2025-04-01,22.51,22.565,21.84,21.96,4317983.0,SIRI
2025-04-02,21.88,22.65,21.7216,22.33,3609593.0,SIRI
2025-04-03,21.66,21.84,20.945,21.13,7205885.0,SIRI
2025-04-04,20.455,20.64,19.01,19.51,9249265.0,SIRI
2025-04-07,18.91,21.35,18.69,20.36,10358278.0,SIRI
2025-04-08,20.905,21.14,18.931,19.34,7469354.0,SIRI
2025-04-09,19.62,21.66,19.31,20.9,11090263.0,SIRI
2025-04-10,20.59,20.7,19.73,20.08,6906450.0,SIRI
2025-04-11,19.99,20.125,19.3149,20.02,4864727.0,SIRI
2025-04-14,20.36,20.855,20.21,20.72,3816724.0,SIRI
2025-04-15,20.59,20.7778,20.275,20.42,2848041.0,SIRI
2025-04-16,20.2,20.41,19.825,20.08,2821375.0,SIRI
2025-04-17,20.12,20.54,20.01,20.32,2968401.0,SIRI
2025-04-21,20.255,20.29,19.81,20.16,2519191.0,SIRI
2025-04-22,20.27,20.49,20.085,20.32,3052728.0,SIRI
2025-04-23,20.98,21.81,20.93,21.03,3291419.0,SIRI
2025-04-24,21.2,21.425,20.96,21.36,3288136.0,SIRI
2025-04-25,21.39,21.715,21.21,21.67,3020031.0,SIRI
2025-04-28,21.75,22.135,21.4,21.77,2303281.0,SIRI
2025-04-29,21.71,21.86,21.46,21.73,2498400.0,SIRI
2025-04-30,21.3,21.52,20.63,21.42,4234940.0,SIRI
2025-05-01,21.61,21.68,19.41,19.5,9021386.0,SIRI
2025-05-02,19.71,20.71,19.71,20.47,8527600.0,SIRI
2025-05-05,20.29,21.41,20.12,21.29,4922109.0,SIRI
2025-05-06,21.05,21.71,21.02,21.47,4806602.0,SIRI
2025-05-07,21.63,21.7492,20.89,21.15,4105461.0,SIRI
2025-05-08,21.24,21.845,21.125,21.72,3918886.0,SIRI
2025-05-09,21.6,21.705,21.365,21.57,3553630.0,SIRI
